system:index,Kappa,OA,PA_mangrove,PA_nonmangrove,UA_mangrove,UA_nonmangrove,balanced_accuracy,edge_exclusion_m,evaluation_buffer_m,map_year,n_predicted_mangrove,n_predicted_nonmangrove,n_reference_mangrove,n_reference_nonmangrove,n_total,original_sample_exclusion_m,reference_source,reference_year,repeat_id,requested_points_per_class,seed,temporal_gap_years,.geo
1_1_1_0,0.8240000000000001,0.912,0.848,0.976,0.9724770642201835,0.8652482269503546,0.9119999999999999,60,1500,1993,218,282,250,250,500,150,CGMD_exactyear,1993,0,250,294699,0,"{""type"":""MultiPoint"",""coordinates"":[]}"
1_1_1_1,0.8360000000000001,0.918,0.872,0.964,0.960352422907489,0.8827838827838828,0.9179999999999999,60,1500,1993,227,273,250,250,500,150,CGMD_exactyear,1993,1,250,294800,0,"{""type"":""MultiPoint"",""coordinates"":[]}"
1_1_1_2,0.8160000000000001,0.908,0.836,0.98,0.9766355140186916,0.8566433566433567,0.9079999999999999,60,1500,1993,214,286,250,250,500,150,CGMD_exactyear,1993,2,250,294901,0,"{""type"":""MultiPoint"",""coordinates"":[]}"
1_1_1_3,0.8640000000000001,0.932,0.892,0.972,0.9695652173913043,0.9,0.9319999999999999,60,1500,1993,230,270,250,250,500,150,CGMD_exactyear,1993,3,250,295002,0,"{""type"":""MultiPoint"",""coordinates"":[]}"
1_1_1_4,0.8200000000000001,0.91,0.864,0.956,0.9515418502202643,0.8754578754578755,0.9099999999999999,60,1500,1993,227,273,250,250,500,150,CGMD_exactyear,1993,4,250,295103,0,"{""type"":""MultiPoint"",""coordinates"":[]}"
1_1_1_5,0.8240000000000001,0.912,0.864,0.96,0.9557522123893806,0.8759124087591241,0.9119999999999999,60,1500,1993,226,274,250,250,500,150,CGMD_exactyear,1993,5,250,295204,0,"{""type"":""MultiPoint"",""coordinates"":[]}"
1_1_1_6,0.8360000000000001,0.918,0.876,0.96,0.9563318777292577,0.8856088560885609,0.9179999999999999,60,1500,1993,229,271,250,250,500,150,CGMD_exactyear,1993,6,250,295305,0,"{""type"":""MultiPoint"",""coordinates"":[]}"
1_1_1_7,0.8280000000000001,0.914,0.868,0.96,0.9559471365638766,0.8791208791208791,0.9139999999999999,60,1500,1993,227,273,250,250,500,150,CGMD_exactyear,1993,7,250,295406,0,"{""type"":""MultiPoint"",""coordinates"":[]}"
1_1_1_8,0.8240000000000001,0.912,0.828,0.996,0.9951923076923077,0.8527397260273972,0.9119999999999999,60,1500,1993,208,292,250,250,500,150,CGMD_exactyear,1993,8,250,295507,0,"{""type"":""MultiPoint"",""coordinates"":[]}"
1_1_1_9,0.8360000000000001,0.918,0.864,0.972,0.968609865470852,0.8772563176895307,0.9179999999999999,60,1500,1993,223,277,250,250,500,150,CGMD_exactyear,1993,9,250,295608,0,"{""type"":""MultiPoint"",""coordinates"":[]}"
1_1_2_0,0.8520000000000001,0.926,0.864,0.988,0.9863013698630136,0.8790035587188612,0.9259999999999999,60,1500,2003,219,281,250,250,500,150,CGMD_exactyear,2003,0,250,294869,0,"{""type"":""MultiPoint"",""coordinates"":[]}"
1_1_2_1,0.8400000000000001,0.92,0.848,0.992,0.9906542056074766,0.8671328671328671,0.9199999999999999,60,1500,2003,214,286,250,250,500,150,CGMD_exactyear,2003,1,250,294970,0,"{""type"":""MultiPoint"",""coordinates"":[]}"
1_1_2_2,0.8640000000000001,0.932,0.868,0.996,0.9954128440366973,0.8829787234042553,0.9319999999999999,60,1500,2003,218,282,250,250,500,150,CGMD_exactyear,2003,2,250,295071,0,"{""type"":""MultiPoint"",""coordinates"":[]}"
1_1_2_3,0.8240000000000001,0.912,0.832,0.992,0.9904761904761905,0.8551724137931035,0.9119999999999999,60,1500,2003,210,290,250,250,500,150,CGMD_exactyear,2003,3,250,295172,0,"{""type"":""MultiPoint"",""coordinates"":[]}"
1_1_2_4,0.8919999999999999,0.946,0.896,0.996,0.9955555555555555,0.9054545454545454,0.946,60,1500,2003,225,275,250,250,500,150,CGMD_exactyear,2003,4,250,295273,0,"{""type"":""MultiPoint"",""coordinates"":[]}"
1_1_2_5,0.8520000000000001,0.926,0.864,0.988,0.9863013698630136,0.8790035587188612,0.9259999999999999,60,1500,2003,219,281,250,250,500,150,CGMD_exactyear,2003,5,250,295374,0,"{""type"":""MultiPoint"",""coordinates"":[]}"
1_1_2_6,0.8520000000000001,0.926,0.864,0.988,0.9863013698630136,0.8790035587188612,0.9259999999999999,60,1500,2003,219,281,250,250,500,150,CGMD_exactyear,2003,6,250,295475,0,"{""type"":""MultiPoint"",""coordinates"":[]}"
1_1_2_7,0.8560000000000001,0.928,0.856,1.0,1.0,0.8741258741258742,0.9279999999999999,60,1500,2003,214,286,250,250,500,150,CGMD_exactyear,2003,7,250,295576,0,"{""type"":""MultiPoint"",""coordinates"":[]}"
1_1_2_8,0.8759999999999999,0.938,0.884,0.992,0.9910313901345291,0.8953068592057761,0.938,60,1500,2003,223,277,250,250,500,150,CGMD_exactyear,2003,8,250,295677,0,"{""type"":""MultiPoint"",""coordinates"":[]}"
1_1_2_9,0.8320000000000001,0.916,0.844,0.988,0.985981308411215,0.8636363636363636,0.9159999999999999,60,1500,2003,214,286,250,250,500,150,CGMD_exactyear,2003,9,250,295778,0,"{""type"":""MultiPoint"",""coordinates"":[]}"
1_2_0,0.8520000000000001,0.926,0.864,0.988,0.9863013698630136,0.8790035587188612,0.9259999999999999,60,1500,2013,219,281,250,250,500,150,CGMD_exactyear,2013,0,250,295039,0,"{""type"":""MultiPoint"",""coordinates"":[]}"
1_2_1,0.8720000000000001,0.936,0.888,0.984,0.9823008849557522,0.8978102189781022,0.9359999999999999,60,1500,2013,226,274,250,250,500,150,CGMD_exactyear,2013,1,250,295140,0,"{""type"":""MultiPoint"",""coordinates"":[]}"
1_2_2,0.9077997091878951,0.9539078156312625,0.9116465863453815,0.996,0.9956140350877193,0.9188191881918819,0.9538232931726908,60,1500,2013,228,271,249,250,499,150,CGMD_exactyear,2013,2,250,295241,0,"{""type"":""MultiPoint"",""coordinates"":[]}"
1_2_3,0.9078278468000353,0.9539078156312625,0.92,0.9879518072289156,0.9871244635193133,0.924812030075188,0.9539759036144578,60,1500,2013,233,266,250,249,499,150,CGMD_exactyear,2013,3,250,295342,0,"{""type"":""MultiPoint"",""coordinates"":[]}"
1_2_4,0.9276886838114291,0.963855421686747,0.9274193548387096,1.0,1.0,0.9328358208955224,0.9637096774193548,60,1500,2013,230,268,248,250,498,150,CGMD_exactyear,2013,4,250,295443,0,"{""type"":""MultiPoint"",""coordinates"":[]}"
1_2_5,0.9239999999999999,0.962,0.924,1.0,1.0,0.929368029739777,0.962,60,1500,2013,231,269,250,250,500,150,CGMD_exactyear,2013,5,250,295544,0,"{""type"":""MultiPoint"",""coordinates"":[]}"
1_2_6,0.9119999999999999,0.956,0.92,0.992,0.9913793103448276,0.9253731343283582,0.956,60,1500,2013,232,268,250,250,500,150,CGMD_exactyear,2013,6,250,295645,0,"{""type"":""MultiPoint"",""coordinates"":[]}"
1_2_7,0.8799999999999999,0.94,0.888,0.992,0.9910714285714286,0.8985507246376812,0.94,60,1500,2013,224,276,250,250,500,150,CGMD_exactyear,2013,7,250,295746,0,"{""type"":""MultiPoint"",""coordinates"":[]}"
1_2_8,0.8879999999999999,0.944,0.892,0.996,0.9955357142857143,0.9021739130434783,0.944,60,1500,2013,224,276,250,250,500,150,CGMD_exactyear,2013,8,250,295847,0,"{""type"":""MultiPoint"",""coordinates"":[]}"
1_2_9,0.8640000000000001,0.932,0.868,0.996,0.9954128440366973,0.8829787234042553,0.9319999999999999,60,1500,2013,218,282,250,250,500,150,CGMD_exactyear,2013,9,250,295948,0,"{""type"":""MultiPoint"",""coordinates"":[]}"
2_0,0.9119999999999999,0.956,0.96,0.952,0.9523809523809523,0.9596774193548387,0.956,60,1500,2023,252,248,250,250,500,150,CGMD_exactyear,2023,0,250,295209,0,"{""type"":""MultiPoint"",""coordinates"":[]}"
2_1,0.94,0.97,0.972,0.968,0.9681274900398407,0.9718875502008032,0.97,60,1500,2023,251,249,250,250,500,150,CGMD_exactyear,2023,1,250,295310,0,"{""type"":""MultiPoint"",""coordinates"":[]}"
2_2,0.9239999999999999,0.962,0.944,0.98,0.979253112033195,0.9459459459459459,0.962,60,1500,2023,241,259,250,250,500,150,CGMD_exactyear,2023,2,250,295411,0,"{""type"":""MultiPoint"",""coordinates"":[]}"
2_3,0.944,0.972,0.968,0.976,0.9758064516129032,0.9682539682539683,0.972,60,1500,2023,248,252,250,250,500,150,CGMD_exactyear,2023,3,250,295512,0,"{""type"":""MultiPoint"",""coordinates"":[]}"
2_4,0.9199999999999999,0.96,0.968,0.952,0.952755905511811,0.967479674796748,0.96,60,1500,2023,254,246,250,250,500,150,CGMD_exactyear,2023,4,250,295613,0,"{""type"":""MultiPoint"",""coordinates"":[]}"
2_5,0.9279999999999999,0.964,0.972,0.956,0.9566929133858267,0.9715447154471545,0.964,60,1500,2023,254,246,250,250,500,150,CGMD_exactyear,2023,5,250,295714,0,"{""type"":""MultiPoint"",""coordinates"":[]}"
2_6,0.9039999999999999,0.952,0.956,0.948,0.9484126984126984,0.9556451612903226,0.952,60,1500,2023,252,248,250,250,500,150,CGMD_exactyear,2023,6,250,295815,0,"{""type"":""MultiPoint"",""coordinates"":[]}"
2_7,0.9239999999999999,0.962,0.968,0.956,0.9565217391304348,0.9676113360323887,0.962,60,1500,2023,253,247,250,250,500,150,CGMD_exactyear,2023,7,250,295916,0,"{""type"":""MultiPoint"",""coordinates"":[]}"
2_8,0.952,0.976,0.984,0.968,0.968503937007874,0.983739837398374,0.976,60,1500,2023,254,246,250,250,500,150,CGMD_exactyear,2023,8,250,296017,0,"{""type"":""MultiPoint"",""coordinates"":[]}"
2_9,0.9239999999999999,0.962,0.968,0.956,0.9565217391304348,0.9676113360323887,0.962,60,1500,2023,253,247,250,250,500,150,CGMD_exactyear,2023,9,250,296118,0,"{""type"":""MultiPoint"",""coordinates"":[]}"
