system:index,audit_seed,latitude,longitude,map_year,p_mangrove,prediction,reference,reference_source,reference_year,temporal_gap_years,.geo
0_0,295698,4.47536182971925,100.63237731479902,1993,0.5189426,1,0,CGMD_exactyear,1993,0,"{""geodesic"":false,""type"":""Point"",""coordinates"":[100.63237731479902,4.47536182971925]}"
1_0,295698,4.737310566568503,100.6870847156019,1993,0.038577046,0,0,CGMD_exactyear,1993,0,"{""geodesic"":false,""type"":""Point"",""coordinates"":[100.6870847156019,4.737310566568503]}"
2_0,295698,4.912212552386574,100.65582334371454,1993,0.051938713,0,0,CGMD_exactyear,1993,0,"{""geodesic"":false,""type"":""Point"",""coordinates"":[100.65582334371454,4.912212552386574]}"
3_0,295698,4.555940710704772,100.57362749521761,1993,0.10250586,0,0,CGMD_exactyear,1993,0,"{""geodesic"":false,""type"":""Point"",""coordinates"":[100.57362749521761,4.555940710704772]}"
4_0,295698,4.682064176595152,100.6946305639885,1993,0.18975952,0,0,CGMD_exactyear,1993,0,"{""geodesic"":false,""type"":""Point"",""coordinates"":[100.6946305639885,4.682064176595152]}"
5_0,295698,4.653497750560152,100.68977966145425,1993,0.05488997,0,0,CGMD_exactyear,1993,0,"{""geodesic"":false,""type"":""Point"",""coordinates"":[100.68977966145425,4.653497750560152]}"
6_0,295698,4.476439808060194,100.64154013069704,1993,0.046549026,0,0,CGMD_exactyear,1993,0,"{""geodesic"":false,""type"":""Point"",""coordinates"":[100.64154013069704,4.476439808060194]}"
7_0,295698,4.681525187424681,100.70109843403417,1993,0.30566433,0,0,CGMD_exactyear,1993,0,"{""geodesic"":false,""type"":""Point"",""coordinates"":[100.70109843403417,4.681525187424681]}"
8_0,295698,4.538693057249676,100.61998056387817,1993,0.04780612,0,0,CGMD_exactyear,1993,0,"{""geodesic"":false,""type"":""Point"",""coordinates"":[100.61998056387817,4.538693057249676]}"
9_0,295698,4.793904429468033,100.66660312712398,1993,0.3230518,0,0,CGMD_exactyear,1993,0,"{""geodesic"":false,""type"":""Point"",""coordinates"":[100.66660312712398,4.793904429468033]}"
10_0,295698,4.4834466672763265,100.60650583461637,1993,0.05519842,0,0,CGMD_exactyear,1993,0,"{""geodesic"":false,""type"":""Point"",""coordinates"":[100.60650583461637,4.4834466672763265]}"
11_0,295698,4.707935656777795,100.69355258564755,1993,0.058998376,0,0,CGMD_exactyear,1993,0,"{""geodesic"":false,""type"":""Point"",""coordinates"":[100.69355258564755,4.707935656777795]}"
12_0,295698,4.643256956321189,100.60569735086067,1993,0.04780612,0,0,CGMD_exactyear,1993,0,"{""geodesic"":false,""type"":""Point"",""coordinates"":[100.60569735086067,4.643256956321189]}"
13_0,295698,4.8019892670251085,100.54560005835307,1993,0.029103283,0,0,CGMD_exactyear,1993,0,"{""geodesic"":false,""type"":""Point"",""coordinates"":[100.54560005835307,4.8019892670251085]}"
14_0,295698,4.766954970944448,100.67846088887435,1993,0.20927182,0,0,CGMD_exactyear,1993,0,"{""geodesic"":false,""type"":""Point"",""coordinates"":[100.67846088887435,4.766954970944448]}"
15_0,295698,4.915446487409404,100.65043345200982,1993,0.06632843,0,0,CGMD_exactyear,1993,0,"{""geodesic"":false,""type"":""Point"",""coordinates"":[100.65043345200982,4.915446487409404]}"
16_0,295698,4.837293057691006,100.62968236894666,1993,0.019040974,0,0,CGMD_exactyear,1993,0,"{""geodesic"":false,""type"":""Point"",""coordinates"":[100.62968236894666,4.837293057691006]}"
17_0,295698,4.923800819551715,100.57578345189948,1993,0.025341496,0,0,CGMD_exactyear,1993,0,"{""geodesic"":false,""type"":""Point"",""coordinates"":[100.57578345189948,4.923800819551715]}"
18_0,295698,4.776926270598174,100.56284771180817,1993,0.104896575,0,0,CGMD_exactyear,1993,0,"{""geodesic"":false,""type"":""Point"",""coordinates"":[100.56284771180817,4.776926270598174]}"
19_0,295698,4.576422299182696,100.58225132194515,1993,0.083296955,0,0,CGMD_exactyear,1993,0,"{""geodesic"":false,""type"":""Point"",""coordinates"":[100.58225132194515,4.576422299182696]}"
20_0,295698,4.819775909650675,100.6585182895669,1993,0.33850625,0,0,CGMD_exactyear,1993,0,"{""geodesic"":false,""type"":""Point"",""coordinates"":[100.6585182895669,4.819775909650675]}"
21_0,295698,4.917871938676527,100.4337598054802,1993,0.028925765,0,0,CGMD_exactyear,1993,0,"{""geodesic"":false,""type"":""Point"",""coordinates"":[100.4337598054802,4.917871938676527]}"
22_0,295698,4.949941794319594,100.54101865040407,1993,0.0446918,0,0,CGMD_exactyear,1993,0,"{""geodesic"":false,""type"":""Point"",""coordinates"":[100.54101865040407,4.949941794319594]}"
23_0,295698,4.748629339148409,100.70217641237511,1993,0.032686915,0,0,CGMD_exactyear,1993,0,"{""geodesic"":false,""type"":""Point"",""coordinates"":[100.70217641237511,4.748629339148409]}"
24_0,295698,4.651611288463501,100.62402298265671,1993,0.056630515,0,0,CGMD_exactyear,1993,0,"{""geodesic"":false,""type"":""Point"",""coordinates"":[100.62402298265671,4.651611288463501]}"
25_0,295698,4.764260025092089,100.6127042100768,1993,0.094525196,0,0,CGMD_exactyear,1993,0,"{""geodesic"":false,""type"":""Point"",""coordinates"":[100.6127042100768,4.764260025092089]}"
26_0,295698,4.5527067756819415,100.60111594291166,1993,0.10250586,0,0,CGMD_exactyear,1993,0,"{""geodesic"":false,""type"":""Point"",""coordinates"":[100.60111594291166,4.5527067756819415]}"
27_0,295698,4.83567609017959,100.66094374083401,1993,0.03449473,0,0,CGMD_exactyear,1993,0,"{""geodesic"":false,""type"":""Point"",""coordinates"":[100.66094374083401,4.83567609017959]}"
28_0,295698,4.917332949506055,100.66202171917496,1993,0.0190981,0,0,CGMD_exactyear,1993,0,"{""geodesic"":false,""type"":""Point"",""coordinates"":[100.66202171917496,4.917332949506055]}"
29_0,295698,4.838371036031949,100.55314590673967,1993,0.018925203,0,0,CGMD_exactyear,1993,0,"{""geodesic"":false,""type"":""Point"",""coordinates"":[100.55314590673967,4.838371036031949]}"
30_0,295698,4.51309107165227,100.65717081664071,1993,0.28711256,0,0,CGMD_exactyear,1993,0,"{""geodesic"":false,""type"":""Point"",""coordinates"":[100.65717081664071,4.51309107165227]}"
31_0,295698,4.921644862869829,100.61378218841774,1993,0.028286591,0,0,CGMD_exactyear,1993,0,"{""geodesic"":false,""type"":""Point"",""coordinates"":[100.61378218841774,4.921644862869829]}"
32_0,295698,4.915176992824168,100.6013854374969,1993,0.020651886,0,0,CGMD_exactyear,1993,0,"{""geodesic"":false,""type"":""Point"",""coordinates"":[100.6013854374969,4.915176992824168]}"
33_0,295698,4.4858721185434485,100.6420791198675,1993,0.046003528,0,0,CGMD_exactyear,1993,0,"{""geodesic"":false,""type"":""Point"",""coordinates"":[100.6420791198675,4.4858721185434485]}"
34_0,295698,4.744856414955107,100.56500366849005,1993,0.029103283,0,0,CGMD_exactyear,1993,0,"{""geodesic"":false,""type"":""Point"",""coordinates"":[100.56500366849005,4.744856414955107]}"
35_0,295698,4.688532046640813,100.69220511272138,1993,0.54010516,1,0,CGMD_exactyear,1993,0,"{""geodesic"":false,""type"":""Point"",""coordinates"":[100.69220511272138,4.688532046640813]}"
36_0,295698,4.743239447443692,100.57551395731426,1993,0.108808406,0,0,CGMD_exactyear,1993,0,"{""geodesic"":false,""type"":""Point"",""coordinates"":[100.57551395731426,4.743239447443692]}"
37_0,295698,4.722757858965767,100.5887191919908,1993,0.10975415,0,0,CGMD_exactyear,1993,0,"{""geodesic"":false,""type"":""Point"",""coordinates"":[100.5887191919908,4.722757858965767]}"
38_0,295698,4.823279339258741,100.55718832551821,1993,0.022043772,0,0,CGMD_exactyear,1993,0,"{""geodesic"":false,""type"":""Point"",""coordinates"":[100.55718832551821,4.823279339258741]}"
39_0,295698,4.625470313695622,100.67091504048774,1993,0.11606757,0,0,CGMD_exactyear,1993,0,"{""geodesic"":false,""type"":""Point"",""coordinates"":[100.67091504048774,4.625470313695622]}"
40_0,295698,4.918680422432234,100.6089312858835,1993,0.032647103,0,0,CGMD_exactyear,1993,0,"{""geodesic"":false,""type"":""Point"",""coordinates"":[100.6089312858835,4.918680422432234]}"
41_0,295698,4.861817064947469,100.50760132183481,1993,0.11242127,0,0,CGMD_exactyear,1993,0,"{""geodesic"":false,""type"":""Point"",""coordinates"":[100.50760132183481,4.861817064947469]}"
42_0,295698,4.763990530506852,100.6043498779345,1993,0.05149648,0,0,CGMD_exactyear,1993,0,"{""geodesic"":false,""type"":""Point"",""coordinates"":[100.6043498779345,4.763990530506852]}"
43_0,295698,4.611187100678122,100.62537045558288,1993,0.04921792,0,0,CGMD_exactyear,1993,0,"{""geodesic"":false,""type"":""Point"",""coordinates"":[100.62537045558288,4.611187100678122]}"
44_0,295698,4.9202973899436495,100.6089312858835,1993,0.15109977,0,0,CGMD_exactyear,1993,0,"{""geodesic"":false,""type"":""Point"",""coordinates"":[100.6089312858835,4.9202973899436495]}"
45_0,295698,4.956140169780018,100.48361630374883,1993,0.035020478,0,0,CGMD_exactyear,1993,0,"{""geodesic"":false,""type"":""Point"",""coordinates"":[100.48361630374883,4.956140169780018]}"
46_0,295698,4.944282408029641,100.4240580004117,1993,0.052908935,0,0,CGMD_exactyear,1993,0,"{""geodesic"":false,""type"":""Point"",""coordinates"":[100.4240580004117,4.944282408029641]}"
47_0,295698,4.776926270598174,100.56958507643907,1993,0.023184845,0,0,CGMD_exactyear,1993,0,"{""geodesic"":false,""type"":""Point"",""coordinates"":[100.56958507643907,4.776926270598174]}"
48_0,295698,4.901971758147611,100.6269874230943,1993,0.02278237,0,0,CGMD_exactyear,1993,0,"{""geodesic"":false,""type"":""Point"",""coordinates"":[100.6269874230943,4.901971758147611]}"
49_0,295698,4.827591252622515,100.55045096088732,1993,0.022043772,0,0,CGMD_exactyear,1993,0,"{""geodesic"":false,""type"":""Point"",""coordinates"":[100.55045096088732,4.827591252622515]}"
50_0,295698,4.565642515773263,100.6862762318462,1993,0.028273007,0,0,CGMD_exactyear,1993,0,"{""geodesic"":false,""type"":""Point"",""coordinates"":[100.6862762318462,4.565642515773263]}"
51_0,295698,4.65295876138968,100.62213652056006,1993,0.08617233,0,0,CGMD_exactyear,1993,0,"{""geodesic"":false,""type"":""Point"",""coordinates"":[100.62213652056006,4.65295876138968]}"
52_0,295698,4.947516343052471,100.45019897517957,1993,0.071616285,0,0,CGMD_exactyear,1993,0,"{""geodesic"":false,""type"":""Point"",""coordinates"":[100.45019897517957,4.947516343052471]}"
53_0,295698,4.677213274060907,100.57982587067802,1993,0.04780612,0,0,CGMD_exactyear,1993,0,"{""geodesic"":false,""type"":""Point"",""coordinates"":[100.57982587067802,4.677213274060907]}"
54_0,295698,4.922992335796008,100.42917839753119,1993,0.023184845,0,0,CGMD_exactyear,1993,0,"{""geodesic"":false,""type"":""Point"",""coordinates"":[100.42917839753119,4.922992335796008]}"
55_0,295698,4.565373021188027,100.64827749532793,1993,0.114794716,0,0,CGMD_exactyear,1993,0,"{""geodesic"":false,""type"":""Point"",""coordinates"":[100.64827749532793,4.565373021188027]}"
56_0,295698,4.609839627751943,100.60920078046874,1993,0.5180362,0,0,CGMD_exactyear,1993,0,"{""geodesic"":false,""type"":""Point"",""coordinates"":[100.60920078046874,4.609839627751943]}"
57_0,295698,4.6634690502138785,100.59545655662171,1993,0.10460664,0,0,CGMD_exactyear,1993,0,"{""geodesic"":false,""type"":""Point"",""coordinates"":[100.59545655662171,4.6634690502138785]}"
58_0,295698,4.948594321393414,100.41435619534322,1993,0.085636616,0,0,CGMD_exactyear,1993,0,"{""geodesic"":false,""type"":""Point"",""coordinates"":[100.41435619534322,4.948594321393414]}"
59_0,295698,4.804684212877467,100.55611034717727,1993,0.050139762,0,0,CGMD_exactyear,1993,0,"{""geodesic"":false,""type"":""Point"",""coordinates"":[100.55611034717727,4.804684212877467]}"
60_0,295698,4.50985713662944,100.60488886710496,1993,0.029103283,0,0,CGMD_exactyear,1993,0,"{""geodesic"":false,""type"":""Point"",""coordinates"":[100.60488886710496,4.50985713662944]}"
61_0,295698,4.532494681789252,100.66067424624879,1993,0.04906462,0,0,CGMD_exactyear,1993,0,"{""geodesic"":false,""type"":""Point"",""coordinates"":[100.66067424624879,4.532494681789252]}"
62_0,295698,4.71278655931204,100.68816269394284,1993,0.019033717,0,0,CGMD_exactyear,1993,0,"{""geodesic"":false,""type"":""Point"",""coordinates"":[100.68816269394284,4.71278655931204]}"
63_0,295698,4.906014176926149,100.59303110535458,1993,0.06794217,0,0,CGMD_exactyear,1993,0,"{""geodesic"":false,""type"":""Point"",""coordinates"":[100.59303110535458,4.906014176926149]}"
64_0,295698,4.650533310122557,100.70055944486369,1993,0.19234155,0,0,CGMD_exactyear,1993,0,"{""geodesic"":false,""type"":""Point"",""coordinates"":[100.70055944486369,4.650533310122557]}"
65_0,295698,4.557827172801423,100.58575475155321,1993,0.10250586,0,0,CGMD_exactyear,1993,0,"{""geodesic"":false,""type"":""Point"",""coordinates"":[100.58575475155321,4.557827172801423]}"
66_0,295698,4.913021036142282,100.48631124960119,1993,0.022232931,0,0,CGMD_exactyear,1993,0,"{""geodesic"":false,""type"":""Point"",""coordinates"":[100.48631124960119,4.913021036142282]}"
67_0,295698,4.945360386370584,100.54236612333024,1993,0.05458462,0,0,CGMD_exactyear,1993,0,"{""geodesic"":false,""type"":""Point"",""coordinates"":[100.54236612333024,4.945360386370584]}"
68_0,295698,4.856696667827987,100.51865059982948,1993,0.09143845,0,0,CGMD_exactyear,1993,0,"{""geodesic"":false,""type"":""Point"",""coordinates"":[100.51865059982948,4.856696667827987]}"
69_0,295698,4.939701000080631,100.46906359614609,1993,0.021765113,0,0,CGMD_exactyear,1993,0,"{""geodesic"":false,""type"":""Point"",""coordinates"":[100.46906359614609,4.939701000080631]}"
70_0,295698,4.56645099952897,100.57766991399615,1993,0.104896575,0,0,CGMD_exactyear,1993,0,"{""geodesic"":false,""type"":""Point"",""coordinates"":[100.57766991399615,4.56645099952897]}"
71_0,295698,4.622775367843264,100.67226251341393,1993,0.046832148,0,0,CGMD_exactyear,1993,0,"{""geodesic"":false,""type"":""Point"",""coordinates"":[100.67226251341393,4.622775367843264]}"
72_0,295698,4.707127173022087,100.57686143024043,1993,0.04780612,0,0,CGMD_exactyear,1993,0,"{""geodesic"":false,""type"":""Point"",""coordinates"":[100.57686143024043,4.707127173022087]}"
73_0,295698,4.894695404346243,100.47418399326557,1993,0.022043772,0,0,CGMD_exactyear,1993,0,"{""geodesic"":false,""type"":""Point"",""coordinates"":[100.47418399326557,4.894695404346243]}"
74_0,295698,4.908709122778507,100.67468796468106,1993,0.10583424,0,0,CGMD_exactyear,1993,0,"{""geodesic"":false,""type"":""Point"",""coordinates"":[100.67468796468106,4.908709122778507]}"
75_0,295698,4.6747878227937845,100.6261789393386,1993,0.029103283,0,0,CGMD_exactyear,1993,0,"{""geodesic"":false,""type"":""Point"",""coordinates"":[100.6261789393386,4.6747878227937845]}"
76_0,295698,4.620619411161377,100.67576594302199,1993,0.07439575,0,0,CGMD_exactyear,1993,0,"{""geodesic"":false,""type"":""Point"",""coordinates"":[100.67576594302199,4.620619411161377]}"
77_0,295698,4.91894991701747,100.61108724256539,1993,0.027626958,0,0,CGMD_exactyear,1993,0,"{""geodesic"":false,""type"":""Point"",""coordinates"":[100.61108724256539,4.91894991701747]}"
78_0,295698,4.66400803938435,100.69301359647709,1993,0.029215269,0,0,CGMD_exactyear,1993,0,"{""geodesic"":false,""type"":""Point"",""coordinates"":[100.69301359647709,4.66400803938435]}"
79_0,295698,4.762643057580673,100.56823760351288,1993,0.029103283,0,0,CGMD_exactyear,1993,0,"{""geodesic"":false,""type"":""Point"",""coordinates"":[100.56823760351288,4.762643057580673]}"
80_0,295698,4.5880105663478385,100.63722821733326,1993,0.030655958,0,0,CGMD_exactyear,1993,0,"{""geodesic"":false,""type"":""Point"",""coordinates"":[100.63722821733326,4.5880105663478385]}"
81_0,295698,4.46889395967359,100.61728561802582,1993,0.079072304,0,0,CGMD_exactyear,1993,0,"{""geodesic"":false,""type"":""Point"",""coordinates"":[100.61728561802582,4.46889395967359]}"
82_0,295698,4.665894501481001,100.60165493208213,1993,0.04780612,0,0,CGMD_exactyear,1993,0,"{""geodesic"":false,""type"":""Point"",""coordinates"":[100.60165493208213,4.665894501481001]}"
83_0,295698,4.905475187755678,100.63210782021379,1993,0.1566035,0,0,CGMD_exactyear,1993,0,"{""geodesic"":false,""type"":""Point"",""coordinates"":[100.63210782021379,4.905475187755678]}"
84_0,295698,4.9580266318766695,100.54182713415977,1993,0.047334004,0,0,CGMD_exactyear,1993,0,"{""geodesic"":false,""type"":""Point"",""coordinates"":[100.54182713415977,4.9580266318766695]}"
85_0,295698,4.634902624178878,100.68358128599384,1993,0.019935666,0,0,CGMD_exactyear,1993,0,"{""geodesic"":false,""type"":""Point"",""coordinates"":[100.68358128599384,4.634902624178878]}"
86_0,295698,4.920566884528886,100.65528435454407,1993,0.041089844,0,0,CGMD_exactyear,1993,0,"{""geodesic"":false,""type"":""Point"",""coordinates"":[100.65528435454407,4.920566884528886]}"
87_0,295698,4.470780421770241,100.62429247724194,1993,0.24695703,0,0,CGMD_exactyear,1993,0,"{""geodesic"":false,""type"":""Point"",""coordinates"":[100.62429247724194,4.470780421770241]}"
88_0,295698,4.911404068630866,100.4887367008683,1993,0.03901452,0,0,CGMD_exactyear,1993,0,"{""geodesic"":false,""type"":""Point"",""coordinates"":[100.4887367008683,4.911404068630866]}"
89_0,295698,4.6823336711803885,100.58521576238275,1993,0.022043772,0,0,CGMD_exactyear,1993,0,"{""geodesic"":false,""type"":""Point"",""coordinates"":[100.58521576238275,4.6823336711803885]}"
90_0,295698,4.65619269641251,100.69355258564755,1993,0.051416025,0,0,CGMD_exactyear,1993,0,"{""geodesic"":false,""type"":""Point"",""coordinates"":[100.69355258564755,4.65619269641251]}"
91_0,295698,4.5020417936576,100.61782460719628,1993,0.052908935,0,0,CGMD_exactyear,1993,0,"{""geodesic"":false,""type"":""Point"",""coordinates"":[100.61782460719628,4.5020417936576]}"
92_0,295698,4.751054790415532,100.69436106940327,1993,0.049510024,0,0,CGMD_exactyear,1993,0,"{""geodesic"":false,""type"":""Point"",""coordinates"":[100.69436106940327,4.751054790415532]}"
93_0,295698,4.731112191108078,100.60947027505397,1993,0.030447306,0,0,CGMD_exactyear,1993,0,"{""geodesic"":false,""type"":""Point"",""coordinates"":[100.60947027505397,4.731112191108078]}"
94_0,295698,4.8825681480106295,100.65070294659506,1993,0.04477206,0,0,CGMD_exactyear,1993,0,"{""geodesic"":false,""type"":""Point"",""coordinates"":[100.65070294659506,4.8825681480106295]}"
95_0,295698,4.855349194901808,100.54074915581883,1993,0.10460664,0,0,CGMD_exactyear,1993,0,"{""geodesic"":false,""type"":""Point"",""coordinates"":[100.54074915581883,4.855349194901808]}"
96_0,295698,4.944012913444405,100.58844969740558,1993,0.1493804,0,0,CGMD_exactyear,1993,0,"{""geodesic"":false,""type"":""Point"",""coordinates"":[100.58844969740558,4.944012913444405]}"
97_0,295698,4.627087281207038,100.68088634014147,1993,0.065498054,0,0,CGMD_exactyear,1993,0,"{""geodesic"":false,""type"":""Point"",""coordinates"":[100.68088634014147,4.627087281207038]}"
98_0,295698,4.696077895027417,100.69624753149992,1993,0.05959513,0,0,CGMD_exactyear,1993,0,"{""geodesic"":false,""type"":""Point"",""coordinates"":[100.69624753149992,4.696077895027417]}"
99_0,295698,4.741083490761805,100.56715962517194,1993,0.07878928,0,0,CGMD_exactyear,1993,0,"{""geodesic"":false,""type"":""Point"",""coordinates"":[100.56715962517194,4.741083490761805]}"
100_0,295698,4.540040530175856,100.66795060005015,1993,0.03538519,0,0,CGMD_exactyear,1993,0,"{""geodesic"":false,""type"":""Point"",""coordinates"":[100.66795060005015,4.540040530175856]}"
101_0,295698,4.552976270267177,100.60327189959355,1993,0.10499917,0,0,CGMD_exactyear,1993,0,"{""geodesic"":false,""type"":""Point"",""coordinates"":[100.60327189959355,4.552976270267177]}"
102_0,295698,4.8699019025045445,100.47607045536222,1993,0.113369055,0,0,CGMD_exactyear,1993,0,"{""geodesic"":false,""type"":""Point"",""coordinates"":[100.47607045536222,4.8699019025045445]}"
103_0,295698,4.842413454810487,100.58952767574652,1993,0.115048416,0,0,CGMD_exactyear,1993,0,"{""geodesic"":false,""type"":""Point"",""coordinates"":[100.58952767574652,4.842413454810487]}"
104_0,295698,4.743508942028928,100.56877659268336,1993,0.08687151,0,0,CGMD_exactyear,1993,0,"{""geodesic"":false,""type"":""Point"",""coordinates"":[100.56877659268336,4.743508942028928]}"
105_0,295698,4.599598833512981,100.6825033076529,1993,0.026748542,0,0,CGMD_exactyear,1993,0,"{""geodesic"":false,""type"":""Point"",""coordinates"":[100.6825033076529,4.599598833512981]}"
106_0,295698,4.885263093862989,100.48011287414076,1993,0.10277853,0,0,CGMD_exactyear,1993,0,"{""geodesic"":false,""type"":""Point"",""coordinates"":[100.48011287414076,4.885263093862989]}"
107_0,295698,4.542465981442978,100.64073164694133,1993,0.049819045,0,0,CGMD_exactyear,1993,0,"{""geodesic"":false,""type"":""Point"",""coordinates"":[100.64073164694133,4.542465981442978]}"
108_0,295698,4.776926270598174,100.5631172063934,1993,0.10460664,0,0,CGMD_exactyear,1993,0,"{""geodesic"":false,""type"":""Point"",""coordinates"":[100.5631172063934,4.776926270598174]}"
109_0,295698,4.595286920149206,100.65393688161788,1993,0.056630515,0,0,CGMD_exactyear,1993,0,"{""geodesic"":false,""type"":""Point"",""coordinates"":[100.65393688161788,4.595286920149206]}"
110_0,295698,4.771536378893456,100.57443597897331,1993,0.02191907,0,0,CGMD_exactyear,1993,0,"{""geodesic"":false,""type"":""Point"",""coordinates"":[100.57443597897331,4.771536378893456]}"
111_0,295698,4.625200819110387,100.58305980570086,1993,0.10460664,0,0,CGMD_exactyear,1993,0,"{""geodesic"":false,""type"":""Point"",""coordinates"":[100.58305980570086,4.625200819110387]}"
112_0,295698,4.945360386370584,100.55422388508062,1993,0.17311716,0,0,CGMD_exactyear,1993,0,"{""geodesic"":false,""type"":""Point"",""coordinates"":[100.55422388508062,4.945360386370584]}"
113_0,295698,4.549742335244347,100.64827749532793,1993,0.08951408,0,0,CGMD_exactyear,1993,0,"{""geodesic"":false,""type"":""Point"",""coordinates"":[100.64827749532793,4.549742335244347]}"
114_0,295698,4.859930602850818,100.6630996975159,1993,0.0753122,0,0,CGMD_exactyear,1993,0,"{""geodesic"":false,""type"":""Point"",""coordinates"":[100.6630996975159,4.859930602850818]}"
115_0,295698,4.799563815757986,100.62644843392383,1993,0.10675901,0,0,CGMD_exactyear,1993,0,"{""geodesic"":false,""type"":""Point"",""coordinates"":[100.62644843392383,4.799563815757986]}"
116_0,295698,4.861547570362233,100.47849590662935,1993,0.11242127,0,0,CGMD_exactyear,1993,0,"{""geodesic"":false,""type"":""Point"",""coordinates"":[100.47849590662935,4.861547570362233]}"
117_0,295698,4.856696667827987,100.65690132205548,1993,0.03273001,0,0,CGMD_exactyear,1993,0,"{""geodesic"":false,""type"":""Point"",""coordinates"":[100.65690132205548,4.856696667827987]}"
118_0,295698,4.765607498018268,100.69220511272138,1993,0.053536903,0,0,CGMD_exactyear,1993,0,"{""geodesic"":false,""type"":""Point"",""coordinates"":[100.69220511272138,4.765607498018268]}"
119_0,295698,4.617385476138547,100.6043498779345,1993,0.019942923,0,0,CGMD_exactyear,1993,0,"{""geodesic"":false,""type"":""Point"",""coordinates"":[100.6043498779345,4.617385476138547]}"
120_0,295698,4.608222660240528,100.69301359647709,1993,0.04197548,0,0,CGMD_exactyear,1993,0,"{""geodesic"":false,""type"":""Point"",""coordinates"":[100.69301359647709,4.608222660240528]}"
121_0,295698,4.612534573604301,100.61755511261104,1993,0.21493955,0,0,CGMD_exactyear,1993,0,"{""geodesic"":false,""type"":""Point"",""coordinates"":[100.61755511261104,4.612534573604301]}"
122_0,295698,4.895773382687187,100.62833489602048,1993,0.06843414,0,0,CGMD_exactyear,1993,0,"{""geodesic"":false,""type"":""Point"",""coordinates"":[100.62833489602048,4.895773382687187]}"
123_0,295698,4.597712371416329,100.6652556541978,1993,0.11668444,0,0,CGMD_exactyear,1993,0,"{""geodesic"":false,""type"":""Point"",""coordinates"":[100.6652556541978,4.597712371416329]}"
124_0,295698,4.551628797340998,100.67603543760723,1993,0.026748542,0,0,CGMD_exactyear,1993,0,"{""geodesic"":false,""type"":""Point"",""coordinates"":[100.67603543760723,4.551628797340998]}"
125_0,295698,4.694460927516002,100.57470547355855,1993,0.07948814,0,0,CGMD_exactyear,1993,0,"{""geodesic"":false,""type"":""Point"",""coordinates"":[100.57470547355855,4.694460927516002]}"
126_0,295698,4.839449014372892,100.61081774798015,1993,0.041865952,0,0,CGMD_exactyear,1993,0,"{""geodesic"":false,""type"":""Point"",""coordinates"":[100.61081774798015,4.839449014372892]}"
127_0,295698,4.924339808722188,100.47472298243605,1993,0.10255112,0,0,CGMD_exactyear,1993,0,"{""geodesic"":false,""type"":""Point"",""coordinates"":[100.47472298243605,4.924339808722188]}"
128_0,295698,4.592322479711612,100.60839229671303,1993,0.11990129,0,0,CGMD_exactyear,1993,0,"{""geodesic"":false,""type"":""Point"",""coordinates"":[100.60839229671303,4.592322479711612]}"
129_0,295698,4.648916342611142,100.69436106940327,1993,0.03619003,0,0,CGMD_exactyear,1993,0,"{""geodesic"":false,""type"":""Point"",""coordinates"":[100.69436106940327,4.648916342611142]}"
130_0,295698,4.870710386260252,100.5299693724094,1993,0.04785093,0,0,CGMD_exactyear,1993,0,"{""geodesic"":false,""type"":""Point"",""coordinates"":[100.5299693724094,4.870710386260252]}"
131_0,295698,4.8170809637983165,100.66795060005015,1993,0.047308873,0,0,CGMD_exactyear,1993,0,"{""geodesic"":false,""type"":""Point"",""coordinates"":[100.66795060005015,4.8170809637983165]}"
132_0,295698,4.909787101119451,100.60030745915596,1993,0.030968513,0,0,CGMD_exactyear,1993,0,"{""geodesic"":false,""type"":""Point"",""coordinates"":[100.60030745915596,4.909787101119451]}"
133_0,295698,4.551898291926234,100.6450435603051,1993,0.056347918,0,0,CGMD_exactyear,1993,0,"{""geodesic"":false,""type"":""Point"",""coordinates"":[100.6450435603051,4.551898291926234]}"
134_0,295698,4.837293057691006,100.65151143035077,1993,0.028927593,0,0,CGMD_exactyear,1993,0,"{""geodesic"":false,""type"":""Point"",""coordinates"":[100.65151143035077,4.837293057691006]}"
135_0,295698,4.914099014483225,100.49143164672067,1993,0.069598064,0,0,CGMD_exactyear,1993,0,"{""geodesic"":false,""type"":""Point"",""coordinates"":[100.49143164672067,4.914099014483225]}"
136_0,295698,4.666433490651473,100.63156883104331,1993,0.029103283,0,0,CGMD_exactyear,1993,0,"{""geodesic"":false,""type"":""Point"",""coordinates"":[100.63156883104331,4.666433490651473]}"
137_0,295698,4.950750278075302,100.53023886699462,1993,0.04230455,0,0,CGMD_exactyear,1993,0,"{""geodesic"":false,""type"":""Point"",""coordinates"":[100.53023886699462,4.950750278075302]}"
138_0,295698,4.794982407808976,100.61998056387817,1993,0.05679682,0,0,CGMD_exactyear,1993,0,"{""geodesic"":false,""type"":""Point"",""coordinates"":[100.61998056387817,4.794982407808976]}"
139_0,295698,4.761295584654494,100.69813399359657,1993,0.042812385,0,0,CGMD_exactyear,1993,0,"{""geodesic"":false,""type"":""Point"",""coordinates"":[100.69813399359657,4.761295584654494]}"
140_0,295698,4.616846486968075,100.62483146641242,1993,0.70361644,1,0,CGMD_exactyear,1993,0,"{""geodesic"":false,""type"":""Point"",""coordinates"":[100.62483146641242,4.616846486968075]}"
141_0,295698,4.630051721644632,100.59518706203647,1993,0.10250586,0,0,CGMD_exactyear,1993,0,"{""geodesic"":false,""type"":""Point"",""coordinates"":[100.59518706203647,4.630051721644632]}"
142_0,295698,4.773422840990108,100.5774004194109,1993,0.02188715,0,0,CGMD_exactyear,1993,0,"{""geodesic"":false,""type"":""Point"",""coordinates"":[100.5774004194109,4.773422840990108]}"
143_0,295698,4.633824645837934,100.68196431848241,1993,0.019076826,0,0,CGMD_exactyear,1993,0,"{""geodesic"":false,""type"":""Point"",""coordinates"":[100.68196431848241,4.633824645837934]}"
144_0,295698,4.773692335575344,100.69139662896568,1993,0.075963795,0,0,CGMD_exactyear,1993,0,"{""geodesic"":false,""type"":""Point"",""coordinates"":[100.69139662896568,4.773692335575344]}"
145_0,295698,4.654306234315859,100.62752641226477,1993,0.09762438,0,0,CGMD_exactyear,1993,0,"{""geodesic"":false,""type"":""Point"",""coordinates"":[100.62752641226477,4.654306234315859]}"
146_0,295698,4.663199555628642,100.69786449901133,1993,0.03941848,0,0,CGMD_exactyear,1993,0,"{""geodesic"":false,""type"":""Point"",""coordinates"":[100.69786449901133,4.663199555628642]}"
147_0,295698,4.620619411161377,100.68438976974954,1993,0.033897933,0,0,CGMD_exactyear,1993,0,"{""geodesic"":false,""type"":""Point"",""coordinates"":[100.68438976974954,4.620619411161377]}"
148_0,295698,4.906014176926149,100.62537045558288,1993,0.021706901,0,0,CGMD_exactyear,1993,0,"{""geodesic"":false,""type"":""Point"",""coordinates"":[100.62537045558288,4.906014176926149]}"
149_0,295698,4.447603887439957,100.61432117758822,1993,0.15069276,0,0,CGMD_exactyear,1993,0,"{""geodesic"":false,""type"":""Point"",""coordinates"":[100.61432117758822,4.447603887439957]}"
150_0,295698,4.661313093531992,100.61135673715063,1993,0.029103283,0,0,CGMD_exactyear,1993,0,"{""geodesic"":false,""type"":""Point"",""coordinates"":[100.61135673715063,4.661313093531992]}"
151_0,295698,4.768841433041098,100.67765240511865,1993,0.042283442,0,0,CGMD_exactyear,1993,0,"{""geodesic"":false,""type"":""Point"",""coordinates"":[100.67765240511865,4.768841433041098]}"
152_0,295698,4.710630602630153,100.68977966145425,1993,0.058977395,0,0,CGMD_exactyear,1993,0,"{""geodesic"":false,""type"":""Point"",""coordinates"":[100.68977966145425,4.710630602630153]}"
153_0,295698,4.570493418307508,100.67765240511865,1993,0.033262435,0,0,CGMD_exactyear,1993,0,"{""geodesic"":false,""type"":""Point"",""coordinates"":[100.67765240511865,4.570493418307508]}"
154_0,295698,4.771536378893456,100.5795563760928,1993,0.022232931,0,0,CGMD_exactyear,1993,0,"{""geodesic"":false,""type"":""Point"",""coordinates"":[100.5795563760928,4.771536378893456]}"
155_0,295698,4.913560025312753,100.52673543738656,1993,0.022043772,0,0,CGMD_exactyear,1993,0,"{""geodesic"":false,""type"":""Point"",""coordinates"":[100.52673543738656,4.913560025312753]}"
156_0,295698,4.940239989251103,100.41570366826939,1993,0.029103283,0,0,CGMD_exactyear,1993,0,"{""geodesic"":false,""type"":""Point"",""coordinates"":[100.41570366826939,4.940239989251103]}"
157_0,295698,4.745125909540342,100.56958507643907,1993,0.10250586,0,0,CGMD_exactyear,1993,0,"{""geodesic"":false,""type"":""Point"",""coordinates"":[100.56958507643907,4.745125909540342]}"
158_0,295698,4.632477172911755,100.5908751486727,1993,0.029103283,0,0,CGMD_exactyear,1993,0,"{""geodesic"":false,""type"":""Point"",""coordinates"":[100.5908751486727,4.632477172911755]}"
159_0,295698,4.576691793767933,100.68304229682336,1993,0.032254197,0,0,CGMD_exactyear,1993,0,"{""geodesic"":false,""type"":""Point"",""coordinates"":[100.68304229682336,4.576691793767933]}"
160_0,295698,4.922722841210772,100.48092135789646,1993,0.06907466,0,0,CGMD_exactyear,1993,0,"{""geodesic"":false,""type"":""Point"",""coordinates"":[100.48092135789646,4.922722841210772]}"
161_0,295698,4.913560025312753,100.51002677310194,1993,0.04780612,0,0,CGMD_exactyear,1993,0,"{""geodesic"":false,""type"":""Point"",""coordinates"":[100.51002677310194,4.913560025312753]}"
162_0,295698,4.947516343052471,100.46205673692995,1993,0.049450558,0,0,CGMD_exactyear,1993,0,"{""geodesic"":false,""type"":""Point"",""coordinates"":[100.46205673692995,4.947516343052471]}"
163_0,295698,4.681255692839445,100.69732550984087,1993,0.15755579,0,0,CGMD_exactyear,1993,0,"{""geodesic"":false,""type"":""Point"",""coordinates"":[100.69732550984087,4.681255692839445]}"
164_0,295698,4.715212010579163,100.68897117769855,1993,0.06096318,0,0,CGMD_exactyear,1993,0,"{""geodesic"":false,""type"":""Point"",""coordinates"":[100.68897117769855,4.715212010579163]}"
165_0,295698,4.853193238219921,100.54829500420543,1993,0.028671268,0,0,CGMD_exactyear,1993,0,"{""geodesic"":false,""type"":""Point"",""coordinates"":[100.54829500420543,4.853193238219921]}"
166_0,295698,4.913290530727517,100.43429879465066,1993,0.04690087,0,0,CGMD_exactyear,1993,0,"{""geodesic"":false,""type"":""Point"",""coordinates"":[100.43429879465066,4.913290530727517]}"
167_0,295698,4.916793960335584,100.43888020259968,1993,0.06619452,0,0,CGMD_exactyear,1993,0,"{""geodesic"":false,""type"":""Point"",""coordinates"":[100.43888020259968,4.916793960335584]}"
168_0,295698,4.564564537432319,100.65393688161788,1993,0.092946164,0,0,CGMD_exactyear,1993,0,"{""geodesic"":false,""type"":""Point"",""coordinates"":[100.65393688161788,4.564564537432319]}"
169_0,295698,4.470780421770241,100.6337247877252,1993,0.051044434,0,0,CGMD_exactyear,1993,0,"{""geodesic"":false,""type"":""Point"",""coordinates"":[100.6337247877252,4.470780421770241]}"
170_0,295698,4.658348653094397,100.5984209970593,1993,0.10487931,0,0,CGMD_exactyear,1993,0,"{""geodesic"":false,""type"":""Point"",""coordinates"":[100.5984209970593,4.658348653094397]}"
171_0,295698,4.950211288904829,100.58171233277467,1993,0.16967909,0,0,CGMD_exactyear,1993,0,"{""geodesic"":false,""type"":""Point"",""coordinates"":[100.58171233277467,4.950211288904829]}"
172_0,295698,4.492878977759581,100.60704482378685,1993,0.029248515,0,0,CGMD_exactyear,1993,0,"{""geodesic"":false,""type"":""Point"",""coordinates"":[100.60704482378685,4.492878977759581]}"
173_0,295698,4.924339808722188,100.423249516656,1993,0.027046457,0,0,CGMD_exactyear,1993,0,"{""geodesic"":false,""type"":""Point"",""coordinates"":[100.423249516656,4.924339808722188]}"
174_0,295698,4.668858941918596,100.64100114152657,1993,0.11561102,0,0,CGMD_exactyear,1993,0,"{""geodesic"":false,""type"":""Point"",""coordinates"":[100.64100114152657,4.668858941918596]}"
175_0,295698,4.777734754353881,100.67441847009582,1993,0.031938482,0,0,CGMD_exactyear,1993,0,"{""geodesic"":false,""type"":""Point"",""coordinates"":[100.67441847009582,4.777734754353881]}"
176_0,295698,4.921644862869829,100.54964247713161,1993,0.024096776,0,0,CGMD_exactyear,1993,0,"{""geodesic"":false,""type"":""Point"",""coordinates"":[100.54964247713161,4.921644862869829]}"
177_0,295698,4.446525909099014,100.61054825339491,1993,0.10250586,0,0,CGMD_exactyear,1993,0,"{""geodesic"":false,""type"":""Point"",""coordinates"":[100.61054825339491,4.446525909099014]}"
178_0,295698,4.603641252291518,100.60461937251972,1993,0.73561496,1,0,CGMD_exactyear,1993,0,"{""geodesic"":false,""type"":""Point"",""coordinates"":[100.60461937251972,4.603641252291518]}"
179_0,295698,4.5413880031020355,100.63776720650374,1993,0.029494872,0,0,CGMD_exactyear,1993,0,"{""geodesic"":false,""type"":""Point"",""coordinates"":[100.63776720650374,4.5413880031020355]}"
180_0,295698,4.811421577508363,100.54452208001213,1993,0.022043772,0,0,CGMD_exactyear,1993,0,"{""geodesic"":false,""type"":""Point"",""coordinates"":[100.54452208001213,4.811421577508363]}"
181_0,295698,4.6747878227937845,100.64315709820845,1993,0.06258665,0,0,CGMD_exactyear,1993,0,"{""geodesic"":false,""type"":""Point"",""coordinates"":[100.64315709820845,4.6747878227937845]}"
182_0,295698,4.958296126461906,100.44076666469633,1993,0.049851384,0,0,CGMD_exactyear,1993,0,"{""geodesic"":false,""type"":""Point"",""coordinates"":[100.44076666469633,4.958296126461906]}"
183_0,295698,4.880412191328743,100.46906359614609,1993,0.02947477,0,0,CGMD_exactyear,1993,0,"{""geodesic"":false,""type"":""Point"",""coordinates"":[100.46906359614609,4.880412191328743]}"
184_0,295698,4.919758400773178,100.46798561780514,1993,0.022043772,0,0,CGMD_exactyear,1993,0,"{""geodesic"":false,""type"":""Point"",""coordinates"":[100.46798561780514,4.919758400773178]}"
185_0,295698,4.930538184182612,100.4307953650426,1993,0.044762667,0,0,CGMD_exactyear,1993,0,"{""geodesic"":false,""type"":""Point"",""coordinates"":[100.4307953650426,4.930538184182612]}"
186_0,295698,4.771805873478693,100.60030745915596,1993,0.04780612,0,0,CGMD_exactyear,1993,0,"{""geodesic"":false,""type"":""Point"",""coordinates"":[100.60030745915596,4.771805873478693]}"
187_0,295698,4.448412371195665,100.62267550973053,1993,0.019040974,0,0,CGMD_exactyear,1993,0,"{""geodesic"":false,""type"":""Point"",""coordinates"":[100.62267550973053,4.448412371195665]}"
188_0,295698,4.809265620826476,100.54991197171685,1993,0.05037182,0,0,CGMD_exactyear,1993,0,"{""geodesic"":false,""type"":""Point"",""coordinates"":[100.54991197171685,4.809265620826476]}"
189_0,295698,4.73299865320473,100.69867298276704,1993,0.0442534,0,0,CGMD_exactyear,1993,0,"{""geodesic"":false,""type"":""Point"",""coordinates"":[100.69867298276704,4.73299865320473]}"
190_0,295698,4.906553166096621,100.62510096099766,1993,0.026501363,0,0,CGMD_exactyear,1993,0,"{""geodesic"":false,""type"":""Point"",""coordinates"":[100.62510096099766,4.906553166096621]}"
191_0,295698,4.8699019025045445,100.53428128577316,1993,0.032105695,0,0,CGMD_exactyear,1993,0,"{""geodesic"":false,""type"":""Point"",""coordinates"":[100.53428128577316,4.8699019025045445]}"
192_0,295698,4.771266884308221,100.58629374072369,1993,0.04780612,0,0,CGMD_exactyear,1993,0,"{""geodesic"":false,""type"":""Point"",""coordinates"":[100.58629374072369,4.771266884308221]}"
193_0,295698,4.551089808170526,100.67899987804482,1993,0.038194217,0,0,CGMD_exactyear,1993,0,"{""geodesic"":false,""type"":""Point"",""coordinates"":[100.67899987804482,4.551089808170526]}"
194_0,295698,4.917602444091291,100.46771612321992,1993,0.022043772,0,0,CGMD_exactyear,1993,0,"{""geodesic"":false,""type"":""Point"",""coordinates"":[100.46771612321992,4.917602444091291]}"
195_0,295698,4.82920822013393,100.65043345200982,1993,0.039993312,0,0,CGMD_exactyear,1993,0,"{""geodesic"":false,""type"":""Point"",""coordinates"":[100.65043345200982,4.82920822013393]}"
196_0,295698,4.775848292257231,100.59383958911029,1993,0.028425943,0,0,CGMD_exactyear,1993,0,"{""geodesic"":false,""type"":""Point"",""coordinates"":[100.59383958911029,4.775848292257231]}"
197_0,295698,4.90924811194898,100.65717081664071,1993,0.041258402,0,0,CGMD_exactyear,1993,0,"{""geodesic"":false,""type"":""Point"",""coordinates"":[100.65717081664071,4.90924811194898]}"
198_0,295698,4.941317967592046,100.58629374072369,1993,0.14788447,0,0,CGMD_exactyear,1993,0,"{""geodesic"":false,""type"":""Point"",""coordinates"":[100.58629374072369,4.941317967592046]}"
199_0,295698,4.842952443980959,100.55341540132491,1993,0.06852124,0,0,CGMD_exactyear,1993,0,"{""geodesic"":false,""type"":""Point"",""coordinates"":[100.55341540132491,4.842952443980959]}"
200_0,295698,4.865050999970299,100.47229753116892,1993,0.10250586,0,0,CGMD_exactyear,1993,0,"{""geodesic"":false,""type"":""Point"",""coordinates"":[100.47229753116892,4.865050999970299]}"
201_0,295698,4.7100916134596815,100.70028995027846,1993,0.045233987,0,0,CGMD_exactyear,1993,0,"{""geodesic"":false,""type"":""Point"",""coordinates"":[100.70028995027846,4.7100916134596815]}"
202_0,295698,4.9240703141369515,100.47903489579981,1993,0.09240023,0,0,CGMD_exactyear,1993,0,"{""geodesic"":false,""type"":""Point"",""coordinates"":[100.47903489579981,4.9240703141369515]}"
203_0,295698,4.51443854457845,100.65312839786218,1993,0.03474048,0,0,CGMD_exactyear,1993,0,"{""geodesic"":false,""type"":""Point"",""coordinates"":[100.65312839786218,4.51443854457845]}"
204_0,295698,4.580734212546471,100.57093254936524,1993,0.10277853,0,0,CGMD_exactyear,1993,0,"{""geodesic"":false,""type"":""Point"",""coordinates"":[100.57093254936524,4.580734212546471]}"
205_0,295698,4.553245764852413,100.60084644832642,1993,0.10250586,0,0,CGMD_exactyear,1993,0,"{""geodesic"":false,""type"":""Point"",""coordinates"":[100.60084644832642,4.553245764852413]}"
206_0,295698,4.740005512420861,100.70325439071605,1993,0.04206997,0,0,CGMD_exactyear,1993,0,"{""geodesic"":false,""type"":""Point"",""coordinates"":[100.70325439071605,4.740005512420861]}"
207_0,295698,4.81815894213926,100.66498615961255,1993,0.03253711,0,0,CGMD_exactyear,1993,0,"{""geodesic"":false,""type"":""Point"",""coordinates"":[100.66498615961255,4.81815894213926]}"
208_0,295698,4.631668689156047,100.5887191919908,1993,0.029103283,0,0,CGMD_exactyear,1993,0,"{""geodesic"":false,""type"":""Point"",""coordinates"":[100.5887191919908,4.631668689156047]}"
209_0,295698,4.824087823014449,100.65717081664071,1993,0.29088196,0,0,CGMD_exactyear,1993,0,"{""geodesic"":false,""type"":""Point"",""coordinates"":[100.65717081664071,4.824087823014449]}"
210_0,295698,4.561330602409488,100.67334049175487,1993,0.063603394,0,0,CGMD_exactyear,1993,0,"{""geodesic"":false,""type"":""Point"",""coordinates"":[100.67334049175487,4.561330602409488]}"
211_0,295698,4.778273743524353,100.59006666491699,1993,0.07807828,0,0,CGMD_exactyear,1993,0,"{""geodesic"":false,""type"":""Point"",""coordinates"":[100.59006666491699,4.778273743524353]}"
212_0,295698,4.507970674532789,100.65959626790784,1993,0.041323964,0,0,CGMD_exactyear,1993,0,"{""geodesic"":false,""type"":""Point"",""coordinates"":[100.65959626790784,4.507970674532789]}"
213_0,295698,4.506084212436138,100.6089312858835,1993,0.029103283,0,0,CGMD_exactyear,1993,0,"{""geodesic"":false,""type"":""Point"",""coordinates"":[100.6089312858835,4.506084212436138]}"
214_0,295698,4.667511468992416,100.70352388530128,1993,0.038557637,0,0,CGMD_exactyear,1993,0,"{""geodesic"":false,""type"":""Point"",""coordinates"":[100.70352388530128,4.667511468992416]}"
215_0,295698,4.531147208863072,100.61674662885534,1993,0.04780612,0,0,CGMD_exactyear,1993,0,"{""geodesic"":false,""type"":""Point"",""coordinates"":[100.61674662885534,4.531147208863072]}"
216_0,295698,4.918141433261763,100.4639431990266,1993,0.04780612,0,0,CGMD_exactyear,1993,0,"{""geodesic"":false,""type"":""Point"",""coordinates"":[100.4639431990266,4.918141433261763]}"
217_0,295698,4.8259742851111,100.54263561791548,1993,0.027131364,0,0,CGMD_exactyear,1993,0,"{""geodesic"":false,""type"":""Point"",""coordinates"":[100.54263561791548,4.8259742851111]}"
218_0,295698,4.703354248828785,100.57228002229142,1993,0.029103283,0,0,CGMD_exactyear,1993,0,"{""geodesic"":false,""type"":""Point"",""coordinates"":[100.57228002229142,4.703354248828785]}"
219_0,295698,4.912212552386574,100.50867930017576,1993,0.05037182,0,0,CGMD_exactyear,1993,0,"{""geodesic"":false,""type"":""Point"",""coordinates"":[100.50867930017576,4.912212552386574]}"
220_0,295698,4.925956776233603,100.47202803658368,1993,0.049596563,0,0,CGMD_exactyear,1993,0,"{""geodesic"":false,""type"":""Point"",""coordinates"":[100.47202803658368,4.925956776233603]}"
221_0,295698,4.640292515883595,100.58979717033175,1993,0.057964094,0,0,CGMD_exactyear,1993,0,"{""geodesic"":false,""type"":""Point"",""coordinates"":[100.58979717033175,4.640292515883595]}"
222_0,295698,4.907361649852328,100.62294500431577,1993,0.03928708,0,0,CGMD_exactyear,1993,0,"{""geodesic"":false,""type"":""Point"",""coordinates"":[100.62294500431577,4.907361649852328]}"
223_0,295698,4.927304249159782,100.45882280190713,1993,0.035203744,0,0,CGMD_exactyear,1993,0,"{""geodesic"":false,""type"":""Point"",""coordinates"":[100.45882280190713,4.927304249159782]}"
224_0,295698,4.904397209414734,100.64154013069704,1993,0.10181321,0,0,CGMD_exactyear,1993,0,"{""geodesic"":false,""type"":""Point"",""coordinates"":[100.64154013069704,4.904397209414734]}"
225_0,295698,4.63409414042317,100.58575475155321,1993,0.029103283,0,0,CGMD_exactyear,1993,0,"{""geodesic"":false,""type"":""Point"",""coordinates"":[100.58575475155321,4.63409414042317]}"
226_0,295698,4.89685136102813,100.52161504026708,1993,0.04220692,0,0,CGMD_exactyear,1993,0,"{""geodesic"":false,""type"":""Point"",""coordinates"":[100.52161504026708,4.89685136102813]}"
227_0,295698,4.530338725107365,100.6097397696392,1993,0.029103283,0,0,CGMD_exactyear,1993,0,"{""geodesic"":false,""type"":""Point"",""coordinates"":[100.6097397696392,4.530338725107365]}"
228_0,295698,4.485063634787742,100.6374977119185,1993,0.056458637,0,0,CGMD_exactyear,1993,0,"{""geodesic"":false,""type"":""Point"",""coordinates"":[100.6374977119185,4.485063634787742]}"
229_0,295698,4.785280602740485,100.56554265766053,1993,0.16009767,0,0,CGMD_exactyear,1993,0,"{""geodesic"":false,""type"":""Point"",""coordinates"":[100.56554265766053,4.785280602740485]}"
230_0,295698,4.886610566789168,100.64369608737893,1993,0.029071713,0,0,CGMD_exactyear,1993,0,"{""geodesic"":false,""type"":""Point"",""coordinates"":[100.64369608737893,4.886610566789168]}"
231_0,295698,4.646490891344019,100.60947027505397,1993,0.04780612,0,0,CGMD_exactyear,1993,0,"{""geodesic"":false,""type"":""Point"",""coordinates"":[100.60947027505397,4.646490891344019]}"
232_0,295698,4.918410927846999,100.66633363253874,1993,0.053905856,0,0,CGMD_exactyear,1993,0,"{""geodesic"":false,""type"":""Point"",""coordinates"":[100.66633363253874,4.918410927846999]}"
233_0,295698,4.753480241682654,100.56796810892764,1993,0.05595117,0,0,CGMD_exactyear,1993,0,"{""geodesic"":false,""type"":""Point"",""coordinates"":[100.56796810892764,4.753480241682654]}"
234_0,295698,4.853462732805157,100.5563798417625,1993,0.032105695,0,0,CGMD_exactyear,1993,0,"{""geodesic"":false,""type"":""Point"",""coordinates"":[100.5563798417625,4.853462732805157]}"
235_0,295698,4.7817771731324195,100.60057695374118,1993,0.022043772,0,0,CGMD_exactyear,1993,0,"{""geodesic"":false,""type"":""Point"",""coordinates"":[100.60057695374118,4.7817771731324195]}"
236_0,295698,4.5828901692283575,100.57093254936524,1993,0.029103283,0,0,CGMD_exactyear,1993,0,"{""geodesic"":false,""type"":""Point"",""coordinates"":[100.57093254936524,4.5828901692283575]}"
237_0,295698,4.828669230963459,100.55045096088732,1993,0.0259143,0,0,CGMD_exactyear,1993,0,"{""geodesic"":false,""type"":""Point"",""coordinates"":[100.55045096088732,4.828669230963459]}"
238_0,295698,4.520367425453639,100.65447587078836,1993,0.039216872,0,0,CGMD_exactyear,1993,0,"{""geodesic"":false,""type"":""Point"",""coordinates"":[100.65447587078836,4.520367425453639]}"
239_0,295698,4.901702263562376,100.47068056365751,1993,0.022043772,0,0,CGMD_exactyear,1993,0,"{""geodesic"":false,""type"":""Point"",""coordinates"":[100.47068056365751,4.901702263562376]}"
240_0,295698,4.922183852040301,100.43807171884397,1993,0.04384281,0,0,CGMD_exactyear,1993,0,"{""geodesic"":false,""type"":""Point"",""coordinates"":[100.43807171884397,4.922183852040301]}"
241_0,295698,4.716828978090578,100.57578345189948,1993,0.04780612,0,0,CGMD_exactyear,1993,0,"{""geodesic"":false,""type"":""Point"",""coordinates"":[100.57578345189948,4.716828978090578]}"
242_0,295698,4.578039266694112,100.68762370477236,1993,0.059029944,0,0,CGMD_exactyear,1993,0,"{""geodesic"":false,""type"":""Point"",""coordinates"":[100.68762370477236,4.578039266694112]}"
243_0,295698,4.913560025312753,100.63049085270237,1993,0.049888246,0,0,CGMD_exactyear,1993,0,"{""geodesic"":false,""type"":""Point"",""coordinates"":[100.63049085270237,4.913560025312753]}"
244_0,295698,4.927573743745017,100.60785330754256,1993,0.0190981,0,0,CGMD_exactyear,1993,0,"{""geodesic"":false,""type"":""Point"",""coordinates"":[100.60785330754256,4.927573743745017]}"
245_0,295698,4.603910746876754,100.60542785627543,1993,0.7010416,1,0,CGMD_exactyear,1993,0,"{""geodesic"":false,""type"":""Point"",""coordinates"":[100.60542785627543,4.603910746876754]}"
246_0,295698,4.678830241572322,100.69813399359657,1993,0.061982118,0,0,CGMD_exactyear,1993,0,"{""geodesic"":false,""type"":""Point"",""coordinates"":[100.69813399359657,4.678830241572322]}"
247_0,295698,4.676135295719964,100.58467677321227,1993,0.05037182,0,0,CGMD_exactyear,1993,0,"{""geodesic"":false,""type"":""Point"",""coordinates"":[100.58467677321227,4.676135295719964]}"
248_0,295698,4.9316161625235555,100.46744662863468,1993,0.019054988,0,0,CGMD_exactyear,1993,0,"{""geodesic"":false,""type"":""Point"",""coordinates"":[100.46744662863468,4.9316161625235555]}"
249_0,295698,4.485602623958213,100.6412706361118,1993,0.033980336,0,0,CGMD_exactyear,1993,0,"{""geodesic"":false,""type"":""Point"",""coordinates"":[100.6412706361118,4.485602623958213]}"
250_0,295698,4.825704790525864,100.56176973346723,1993,0.9735623,1,1,CGMD_exactyear,1993,0,"{""geodesic"":false,""type"":""Point"",""coordinates"":[100.56176973346723,4.825704790525864]}"
251_0,295698,4.836754068520534,100.55799680927392,1993,0.12002824,0,1,CGMD_exactyear,1993,0,"{""geodesic"":false,""type"":""Point"",""coordinates"":[100.55799680927392,4.836754068520534]}"
252_0,295698,4.871249375430724,100.55152893922826,1993,0.98206294,1,1,CGMD_exactyear,1993,0,"{""geodesic"":false,""type"":""Point"",""coordinates"":[100.55152893922826,4.871249375430724]}"
253_0,295698,4.578847750449819,100.63534175523661,1993,0.9825534,1,1,CGMD_exactyear,1993,0,"{""geodesic"":false,""type"":""Point"",""coordinates"":[100.63534175523661,4.578847750449819]}"
254_0,295698,4.607144681899585,100.63480276606614,1993,0.9828214,1,1,CGMD_exactyear,1993,0,"{""geodesic"":false,""type"":""Point"",""coordinates"":[100.63480276606614,4.607144681899585]}"
255_0,295698,4.865050999970299,100.58844969740558,1993,0.9799139,1,1,CGMD_exactyear,1993,0,"{""geodesic"":false,""type"":""Point"",""coordinates"":[100.58844969740558,4.865050999970299]}"
256_0,295698,4.748629339148409,100.59303110535458,1993,0.9828309,1,1,CGMD_exactyear,1993,0,"{""geodesic"":false,""type"":""Point"",""coordinates"":[100.59303110535458,4.748629339148409]}"
257_0,295698,4.927573743745017,100.47795691745887,1993,0.94613016,1,1,CGMD_exactyear,1993,0,"{""geodesic"":false,""type"":""Point"",""coordinates"":[100.47795691745887,4.927573743745017]}"
258_0,295698,4.911673563216102,100.57308850604713,1993,0.019069199,0,1,CGMD_exactyear,1993,0,"{""geodesic"":false,""type"":""Point"",""coordinates"":[100.57308850604713,4.911673563216102]}"
259_0,295698,4.597981866001565,100.67118453507298,1993,0.98278826,1,1,CGMD_exactyear,1993,0,"{""geodesic"":false,""type"":""Point"",""coordinates"":[100.67118453507298,4.597981866001565]}"
260_0,295698,4.61199558443383,100.65501485995883,1993,0.982746,1,1,CGMD_exactyear,1993,0,"{""geodesic"":false,""type"":""Point"",""coordinates"":[100.65501485995883,4.61199558443383]}"
261_0,295698,4.733537642375201,100.63345529313996,1993,0.9828309,1,1,CGMD_exactyear,1993,0,"{""geodesic"":false,""type"":""Point"",""coordinates"":[100.63345529313996,4.733537642375201]}"
262_0,295698,4.835406595594355,100.55503236883632,1993,0.08741612,0,1,CGMD_exactyear,1993,0,"{""geodesic"":false,""type"":""Point"",""coordinates"":[100.55503236883632,4.835406595594355]}"
263_0,295698,4.856696667827987,100.58090384901897,1993,0.9828309,1,1,CGMD_exactyear,1993,0,"{""geodesic"":false,""type"":""Point"",""coordinates"":[100.58090384901897,4.856696667827987]}"
264_0,295698,4.821931866332562,100.61674662885534,1993,0.9569102,1,1,CGMD_exactyear,1993,0,"{""geodesic"":false,""type"":""Point"",""coordinates"":[100.61674662885534,4.821931866332562]}"
265_0,295698,4.831364176815817,100.56338670097864,1993,0.98235506,1,1,CGMD_exactyear,1993,0,"{""geodesic"":false,""type"":""Point"",""coordinates"":[100.56338670097864,4.831364176815817]}"
266_0,295698,4.788514537763316,100.594648072866,1993,0.84083796,1,1,CGMD_exactyear,1993,0,"{""geodesic"":false,""type"":""Point"",""coordinates"":[100.594648072866,4.788514537763316]}"
267_0,295698,4.718715440187229,100.64477406571987,1993,0.9828309,1,1,CGMD_exactyear,1993,0,"{""geodesic"":false,""type"":""Point"",""coordinates"":[100.64477406571987,4.718715440187229]}"
268_0,295698,4.939701000080631,100.42917839753119,1993,0.33940428,0,1,CGMD_exactyear,1993,0,"{""geodesic"":false,""type"":""Point"",""coordinates"":[100.42917839753119,4.939701000080631]}"
269_0,295698,4.731920674863786,100.62510096099766,1993,0.16469955,0,1,CGMD_exactyear,1993,0,"{""geodesic"":false,""type"":""Point"",""coordinates"":[100.62510096099766,4.731920674863786]}"
270_0,295698,4.928651722085961,100.57551395731426,1993,0.9818904,1,1,CGMD_exactyear,1993,0,"{""geodesic"":false,""type"":""Point"",""coordinates"":[100.57551395731426,4.928651722085961]}"
271_0,295698,4.864781505385063,100.58521576238275,1993,0.75565714,1,1,CGMD_exactyear,1993,0,"{""geodesic"":false,""type"":""Point"",""coordinates"":[100.58521576238275,4.864781505385063]}"
272_0,295698,4.797138364490863,100.6420791198675,1993,0.025443973,0,1,CGMD_exactyear,1993,0,"{""geodesic"":false,""type"":""Point"",""coordinates"":[100.6420791198675,4.797138364490863]}"
273_0,295698,4.949941794319594,100.4316038487983,1993,0.6440212,1,1,CGMD_exactyear,1993,0,"{""geodesic"":false,""type"":""Point"",""coordinates"":[100.4316038487983,4.949941794319594]}"
274_0,295698,4.882298653425393,100.49897749510727,1993,0.24904327,0,1,CGMD_exactyear,1993,0,"{""geodesic"":false,""type"":""Point"",""coordinates"":[100.49897749510727,4.882298653425393]}"
275_0,295698,4.669128436503831,100.68951016686903,1993,0.982746,1,1,CGMD_exactyear,1993,0,"{""geodesic"":false,""type"":""Point"",""coordinates"":[100.68951016686903,4.669128436503831]}"
276_0,295698,4.842682949395723,100.58359879487134,1993,0.98112845,1,1,CGMD_exactyear,1993,0,"{""geodesic"":false,""type"":""Point"",""coordinates"":[100.58359879487134,4.842682949395723]}"
277_0,295698,4.806840169559354,100.63318579855472,1993,0.9826888,1,1,CGMD_exactyear,1993,0,"{""geodesic"":false,""type"":""Point"",""coordinates"":[100.63318579855472,4.806840169559354]}"
278_0,295698,4.885532588448224,100.5412881449893,1993,0.9814544,1,1,CGMD_exactyear,1993,0,"{""geodesic"":false,""type"":""Point"",""coordinates"":[100.5412881449893,4.885532588448224]}"
279_0,295698,4.900893779806668,100.60461937251972,1993,0.98240536,1,1,CGMD_exactyear,1993,0,"{""geodesic"":false,""type"":""Point"",""coordinates"":[100.60461937251972,4.900893779806668]}"
280_0,295698,4.7063186892663795,100.66202171917496,1993,0.9828309,1,1,CGMD_exactyear,1993,0,"{""geodesic"":false,""type"":""Point"",""coordinates"":[100.66202171917496,4.7063186892663795]}"
281_0,295698,4.816541974627845,100.62159753138958,1993,0.9733972,1,1,CGMD_exactyear,1993,0,"{""geodesic"":false,""type"":""Point"",""coordinates"":[100.62159753138958,4.816541974627845]}"
282_0,295698,4.940239989251103,100.48765872252737,1993,0.94012576,1,1,CGMD_exactyear,1993,0,"{""geodesic"":false,""type"":""Point"",""coordinates"":[100.48765872252737,4.940239989251103]}"
283_0,295698,4.841065981884308,100.62563995016812,1993,0.80573833,1,1,CGMD_exactyear,1993,0,"{""geodesic"":false,""type"":""Point"",""coordinates"":[100.62563995016812,4.841065981884308]}"
284_0,295698,4.858313635339402,100.58629374072369,1993,0.061881673,0,1,CGMD_exactyear,1993,0,"{""geodesic"":false,""type"":""Point"",""coordinates"":[100.58629374072369,4.858313635339402]}"
285_0,295698,4.921644862869829,100.56500366849005,1993,0.9825031,1,1,CGMD_exactyear,1993,0,"{""geodesic"":false,""type"":""Point"",""coordinates"":[100.56500366849005,4.921644862869829]}"
286_0,295698,4.710900097215389,100.59815150247407,1993,0.9826888,1,1,CGMD_exactyear,1993,0,"{""geodesic"":false,""type"":""Point"",""coordinates"":[100.59815150247407,4.710900097215389]}"
287_0,295698,4.878525729232091,100.62294500431577,1993,0.98136616,1,1,CGMD_exactyear,1993,0,"{""geodesic"":false,""type"":""Point"",""coordinates"":[100.62294500431577,4.878525729232091]}"
288_0,295698,4.887958039715347,100.55907478761486,1993,0.9826542,1,1,CGMD_exactyear,1993,0,"{""geodesic"":false,""type"":""Point"",""coordinates"":[100.55907478761486,4.887958039715347]}"
289_0,295698,4.728686739840955,100.62671792850907,1993,0.9826039,1,1,CGMD_exactyear,1993,0,"{""geodesic"":false,""type"":""Point"",""coordinates"":[100.62671792850907,4.728686739840955]}"
290_0,295698,4.841335476469544,100.63722821733326,1993,0.80577356,1,1,CGMD_exactyear,1993,0,"{""geodesic"":false,""type"":""Point"",""coordinates"":[100.63722821733326,4.841335476469544]}"
291_0,295698,4.732459664034257,100.6135126938325,1993,0.9818561,1,1,CGMD_exactyear,1993,0,"{""geodesic"":false,""type"":""Point"",""coordinates"":[100.6135126938325,4.732459664034257]}"
292_0,295698,4.716559483505342,100.6051583616902,1993,0.9826888,1,1,CGMD_exactyear,1993,0,"{""geodesic"":false,""type"":""Point"",""coordinates"":[100.6051583616902,4.716559483505342]}"
293_0,295698,4.718176451016757,100.60677532920161,1993,0.9828214,1,1,CGMD_exactyear,1993,0,"{""geodesic"":false,""type"":""Point"",""coordinates"":[100.60677532920161,4.718176451016757]}"
294_0,295698,4.827860747207751,100.62644843392383,1993,0.6943342,1,1,CGMD_exactyear,1993,0,"{""geodesic"":false,""type"":""Point"",""coordinates"":[100.62644843392383,4.827860747207751]}"
295_0,295698,4.592052985126377,100.67522695385152,1993,0.9826888,1,1,CGMD_exactyear,1993,0,"{""geodesic"":false,""type"":""Point"",""coordinates"":[100.67522695385152,4.592052985126377]}"
296_0,295698,4.888227534300583,100.5601527659558,1993,0.98248625,1,1,CGMD_exactyear,1993,0,"{""geodesic"":false,""type"":""Point"",""coordinates"":[100.5601527659558,4.888227534300583]}"
297_0,295698,4.887419050544875,100.55826630385916,1993,0.9827366,1,1,CGMD_exactyear,1993,0,"{""geodesic"":false,""type"":""Point"",""coordinates"":[100.55826630385916,4.887419050544875]}"
298_0,295698,4.8976598447838375,100.48226883082265,1993,0.21056862,0,1,CGMD_exactyear,1993,0,"{""geodesic"":false,""type"":""Point"",""coordinates"":[100.48226883082265,4.8976598447838375]}"
299_0,295698,4.703354248828785,100.6291433797762,1993,0.05640752,0,1,CGMD_exactyear,1993,0,"{""geodesic"":false,""type"":""Point"",""coordinates"":[100.6291433797762,4.703354248828785]}"
300_0,295698,4.788514537763316,100.59707352413312,1993,0.9645082,1,1,CGMD_exactyear,1993,0,"{""geodesic"":false,""type"":""Point"",""coordinates"":[100.59707352413312,4.788514537763316]}"
301_0,295698,4.742969952858456,100.67738291053341,1993,0.9828214,1,1,CGMD_exactyear,1993,0,"{""geodesic"":false,""type"":""Point"",""coordinates"":[100.67738291053341,4.742969952858456]}"
302_0,295698,4.876908761720677,100.50436738681199,1993,0.055482607,0,1,CGMD_exactyear,1993,0,"{""geodesic"":false,""type"":""Point"",""coordinates"":[100.50436738681199,4.876908761720677]}"
303_0,295698,4.923800819551715,100.54074915581883,1993,0.97075105,1,1,CGMD_exactyear,1993,0,"{""geodesic"":false,""type"":""Point"",""coordinates"":[100.54074915581883,4.923800819551715]}"
304_0,295698,4.579925728790763,100.66875908380585,1993,0.982746,1,1,CGMD_exactyear,1993,0,"{""geodesic"":false,""type"":""Point"",""coordinates"":[100.66875908380585,4.579925728790763]}"
305_0,295698,4.60283276853581,100.5916836324284,1993,0.9769941,1,1,CGMD_exactyear,1993,0,"{""geodesic"":false,""type"":""Point"",""coordinates"":[100.5916836324284,4.60283276853581]}"
306_0,295698,4.865859483726006,100.59141413784317,1993,0.96670365,1,1,CGMD_exactyear,1993,0,"{""geodesic"":false,""type"":""Point"",""coordinates"":[100.59141413784317,4.865859483726006]}"
307_0,295698,4.749707317489352,100.59680402954788,1993,0.95435554,1,1,CGMD_exactyear,1993,0,"{""geodesic"":false,""type"":""Point"",""coordinates"":[100.59680402954788,4.749707317489352]}"
308_0,295698,4.816002985457373,100.60650583461637,1993,0.94425493,1,1,CGMD_exactyear,1993,0,"{""geodesic"":false,""type"":""Point"",""coordinates"":[100.60650583461637,4.816002985457373]}"
309_0,295698,4.8283997363782225,100.63399428231044,1993,0.98278826,1,1,CGMD_exactyear,1993,0,"{""geodesic"":false,""type"":""Point"",""coordinates"":[100.63399428231044,4.8283997363782225]}"
310_0,295698,4.800372299513693,100.59545655662171,1993,0.97801524,1,1,CGMD_exactyear,1993,0,"{""geodesic"":false,""type"":""Point"",""coordinates"":[100.59545655662171,4.800372299513693]}"
311_0,295698,4.910056595704687,100.57416648438807,1993,0.8160955,1,1,CGMD_exactyear,1993,0,"{""geodesic"":false,""type"":""Point"",""coordinates"":[100.57416648438807,4.910056595704687]}"
312_0,295698,4.870710386260252,100.61728561802582,1993,0.019030198,0,1,CGMD_exactyear,1993,0,"{""geodesic"":false,""type"":""Point"",""coordinates"":[100.61728561802582,4.870710386260252]}"
313_0,295698,4.7251833102328895,100.60057695374118,1993,0.9828309,1,1,CGMD_exactyear,1993,0,"{""geodesic"":false,""type"":""Point"",""coordinates"":[100.60057695374118,4.7251833102328895]}"
314_0,295698,4.921375368284593,100.537515220796,1993,0.9684018,1,1,CGMD_exactyear,1993,0,"{""geodesic"":false,""type"":""Point"",""coordinates"":[100.537515220796,4.921375368284593]}"
315_0,295698,4.893617426005299,100.63965366860039,1993,0.9824686,1,1,CGMD_exactyear,1993,0,"{""geodesic"":false,""type"":""Point"",""coordinates"":[100.63965366860039,4.893617426005299]}"
316_0,295698,4.627356775792274,100.61809410178152,1993,0.9391617,1,1,CGMD_exactyear,1993,0,"{""geodesic"":false,""type"":""Point"",""coordinates"":[100.61809410178152,4.627356775792274]}"
317_0,295698,4.9429349351034615,100.47418399326557,1993,0.71159667,1,1,CGMD_exactyear,1993,0,"{""geodesic"":false,""type"":""Point"",""coordinates"":[100.47418399326557,4.9429349351034615]}"
318_0,295698,4.879064718402564,100.61432117758822,1993,0.98085797,1,1,CGMD_exactyear,1993,0,"{""geodesic"":false,""type"":""Point"",""coordinates"":[100.61432117758822,4.879064718402564]}"
319_0,295698,4.835137101009119,100.56904608726859,1993,0.9826531,1,1,CGMD_exactyear,1993,0,"{""geodesic"":false,""type"":""Point"",""coordinates"":[100.56904608726859,4.835137101009119]}"
320_0,295698,4.824896306770157,100.56769861434242,1993,0.98235506,1,1,CGMD_exactyear,1993,0,"{""geodesic"":false,""type"":""Point"",""coordinates"":[100.56769861434242,4.824896306770157]}"
321_0,295698,4.612265079019066,100.66283020293066,1993,0.98251003,1,1,CGMD_exactyear,1993,0,"{""geodesic"":false,""type"":""Point"",""coordinates"":[100.66283020293066,4.612265079019066]}"
322_0,295698,4.875022299624026,100.50382839764151,1993,0.06941466,0,1,CGMD_exactyear,1993,0,"{""geodesic"":false,""type"":""Point"",""coordinates"":[100.50382839764151,4.875022299624026]}"
323_0,295698,4.921375368284593,100.58844969740558,1993,0.98136616,1,1,CGMD_exactyear,1993,0,"{""geodesic"":false,""type"":""Point"",""coordinates"":[100.58844969740558,4.921375368284593]}"
324_0,295698,4.559444140312838,100.6555538491293,1993,0.10365391,0,1,CGMD_exactyear,1993,0,"{""geodesic"":false,""type"":""Point"",""coordinates"":[100.6555538491293,4.559444140312838]}"
325_0,295698,4.719793418528172,100.64154013069704,1993,0.8240277,1,1,CGMD_exactyear,1993,0,"{""geodesic"":false,""type"":""Point"",""coordinates"":[100.64154013069704,4.719793418528172]}"
326_0,295698,4.568067967040385,100.62240601514529,1993,0.9825604,1,1,CGMD_exactyear,1993,0,"{""geodesic"":false,""type"":""Point"",""coordinates"":[100.62240601514529,4.568067967040385]}"
327_0,295698,4.855618689487044,100.56850709809812,1993,0.9827391,1,1,CGMD_exactyear,1993,0,"{""geodesic"":false,""type"":""Point"",""coordinates"":[100.56850709809812,4.855618689487044]}"
328_0,295698,4.801180783269401,100.58440727862704,1993,0.64193654,1,1,CGMD_exactyear,1993,0,"{""geodesic"":false,""type"":""Point"",""coordinates"":[100.58440727862704,4.801180783269401]}"
329_0,295698,4.895234393516715,100.55045096088732,1993,0.9827391,1,1,CGMD_exactyear,1993,0,"{""geodesic"":false,""type"":""Point"",""coordinates"":[100.55045096088732,4.895234393516715]}"
330_0,295698,4.573457858745102,100.66417767585685,1993,0.81813806,1,1,CGMD_exactyear,1993,0,"{""geodesic"":false,""type"":""Point"",""coordinates"":[100.66417767585685,4.573457858745102]}"
331_0,295698,4.913021036142282,100.55233742298397,1993,0.9825534,1,1,CGMD_exactyear,1993,0,"{""geodesic"":false,""type"":""Point"",""coordinates"":[100.55233742298397,4.913021036142282]}"
332_0,295698,4.694191432930766,100.59222262159888,1993,0.95320874,1,1,CGMD_exactyear,1993,0,"{""geodesic"":false,""type"":""Point"",""coordinates"":[100.59222262159888,4.694191432930766]}"
333_0,295698,4.882029158840158,100.6366892281628,1993,0.9826542,1,1,CGMD_exactyear,1993,0,"{""geodesic"":false,""type"":""Point"",""coordinates"":[100.6366892281628,4.882029158840158]}"
334_0,295698,4.953175729342424,100.43672424591779,1993,0.36054346,0,1,CGMD_exactyear,1993,0,"{""geodesic"":false,""type"":""Point"",""coordinates"":[100.43672424591779,4.953175729342424]}"
335_0,295698,4.65619269641251,100.66795060005015,1993,0.9622598,1,1,CGMD_exactyear,1993,0,"{""geodesic"":false,""type"":""Point"",""coordinates"":[100.66795060005015,4.65619269641251]}"
336_0,295698,4.621158400331849,100.64154013069704,1993,0.9826452,1,1,CGMD_exactyear,1993,0,"{""geodesic"":false,""type"":""Point"",""coordinates"":[100.64154013069704,4.621158400331849]}"
337_0,295698,4.899815801465724,100.50032496803345,1993,0.6867604,1,1,CGMD_exactyear,1993,0,"{""geodesic"":false,""type"":""Point"",""coordinates"":[100.50032496803345,4.899815801465724]}"
338_0,295698,4.793634934882797,100.60947027505397,1993,0.45794472,1,1,CGMD_exactyear,1993,0,"{""geodesic"":false,""type"":""Point"",""coordinates"":[100.60947027505397,4.793634934882797]}"
339_0,295698,4.6874540682998695,100.65609283829977,1993,0.9804333,1,1,CGMD_exactyear,1993,0,"{""geodesic"":false,""type"":""Point"",""coordinates"":[100.65609283829977,4.6874540682998695]}"
340_0,295698,4.599868328098216,100.67549644843676,1993,0.9828309,1,1,CGMD_exactyear,1993,0,"{""geodesic"":false,""type"":""Point"",""coordinates"":[100.67549644843676,4.599868328098216]}"
341_0,295698,4.940778978421575,100.49520457091397,1993,0.9147347,1,1,CGMD_exactyear,1993,0,"{""geodesic"":false,""type"":""Point"",""coordinates"":[100.49520457091397,4.940778978421575]}"
342_0,295698,4.735424104471852,100.5795563760928,1993,0.9828309,1,1,CGMD_exactyear,1993,0,"{""geodesic"":false,""type"":""Point"",""coordinates"":[100.5795563760928,4.735424104471852]}"
343_0,295698,4.896042877272422,100.53320330743222,1993,0.91242343,1,1,CGMD_exactyear,1993,0,"{""geodesic"":false,""type"":""Point"",""coordinates"":[100.53320330743222,4.896042877272422]}"
344_0,295698,4.803606234536524,100.58548525696798,1993,0.96443677,1,1,CGMD_exactyear,1993,0,"{""geodesic"":false,""type"":""Point"",""coordinates"":[100.58548525696798,4.803606234536524]}"
345_0,295698,4.880142696743507,100.64154013069704,1993,0.98230064,1,1,CGMD_exactyear,1993,0,"{""geodesic"":false,""type"":""Point"",""coordinates"":[100.64154013069704,4.880142696743507]}"
346_0,295698,4.92353132496648,100.50409789222675,1993,0.98136616,1,1,CGMD_exactyear,1993,0,"{""geodesic"":false,""type"":""Point"",""coordinates"":[100.50409789222675,4.92353132496648]}"
347_0,295698,4.74270045827322,100.61998056387817,1993,0.9828309,1,1,CGMD_exactyear,1993,0,"{""geodesic"":false,""type"":""Point"",""coordinates"":[100.61998056387817,4.74270045827322]}"
348_0,295698,4.8057621912184105,100.63183832562855,1993,0.9828214,1,1,CGMD_exactyear,1993,0,"{""geodesic"":false,""type"":""Point"",""coordinates"":[100.63183832562855,4.8057621912184105]}"
349_0,295698,4.949941794319594,100.5059843543234,1993,0.98034215,1,1,CGMD_exactyear,1993,0,"{""geodesic"":false,""type"":""Point"",""coordinates"":[100.5059843543234,4.949941794319594]}"
350_0,295698,4.944551902614877,100.43349031089495,1993,0.14930728,0,1,CGMD_exactyear,1993,0,"{""geodesic"":false,""type"":""Point"",""coordinates"":[100.43349031089495,4.944551902614877]}"
351_0,295698,4.894156415175772,100.48927569003878,1993,0.33268544,0,1,CGMD_exactyear,1993,0,"{""geodesic"":false,""type"":""Point"",""coordinates"":[100.48927569003878,4.894156415175772]}"
352_0,295698,4.752941252512183,100.6698370621468,1993,0.9825534,1,1,CGMD_exactyear,1993,0,"{""geodesic"":false,""type"":""Point"",""coordinates"":[100.6698370621468,4.752941252512183]}"
353_0,295698,4.723296848136238,100.66202171917496,1993,0.9764716,1,1,CGMD_exactyear,1993,0,"{""geodesic"":false,""type"":""Point"",""coordinates"":[100.66202171917496,4.723296848136238]}"
354_0,295698,4.7063186892663795,100.68573724267571,1993,0.7328432,1,1,CGMD_exactyear,1993,0,"{""geodesic"":false,""type"":""Point"",""coordinates"":[100.68573724267571,4.7063186892663795]}"
355_0,295698,4.605527714388169,100.67307099716963,1993,0.9828309,1,1,CGMD_exactyear,1993,0,"{""geodesic"":false,""type"":""Point"",""coordinates"":[100.67307099716963,4.605527714388169]}"
356_0,295698,4.8434914331514305,100.57039356019477,1993,0.94794315,1,1,CGMD_exactyear,1993,0,"{""geodesic"":false,""type"":""Point"",""coordinates"":[100.57039356019477,4.8434914331514305]}"
357_0,295698,4.887958039715347,100.50113345178916,1993,0.3357277,0,1,CGMD_exactyear,1993,0,"{""geodesic"":false,""type"":""Point"",""coordinates"":[100.50113345178916,4.887958039715347]}"
358_0,295698,4.78501110815525,100.65663182747025,1993,0.9528105,1,1,CGMD_exactyear,1993,0,"{""geodesic"":false,""type"":""Point"",""coordinates"":[100.65663182747025,4.78501110815525]}"
359_0,295698,4.69392193834553,100.64558254947558,1993,0.958395,1,1,CGMD_exactyear,1993,0,"{""geodesic"":false,""type"":""Point"",""coordinates"":[100.64558254947558,4.69392193834553]}"
360_0,295698,4.524409844232176,100.64827749532793,1993,0.9805925,1,1,CGMD_exactyear,1993,0,"{""geodesic"":false,""type"":""Point"",""coordinates"":[100.64827749532793,4.524409844232176]}"
361_0,295698,4.7138645376529835,100.62752641226477,1993,0.9803484,1,1,CGMD_exactyear,1993,0,"{""geodesic"":false,""type"":""Point"",""coordinates"":[100.62752641226477,4.7138645376529835]}"
362_0,295698,4.718176451016757,100.68142532931195,1993,0.9828309,1,1,CGMD_exactyear,1993,0,"{""geodesic"":false,""type"":""Point"",""coordinates"":[100.68142532931195,4.718176451016757]}"
363_0,295698,4.744586920369871,100.62267550973053,1993,0.9828309,1,1,CGMD_exactyear,1993,0,"{""geodesic"":false,""type"":""Point"",""coordinates"":[100.62267550973053,4.744586920369871]}"
364_0,295698,4.862895043288412,100.6156686505144,1993,0.75232023,1,1,CGMD_exactyear,1993,0,"{""geodesic"":false,""type"":""Point"",""coordinates"":[100.6156686505144,4.862895043288412]}"
365_0,295698,4.723296848136238,100.59357009452505,1993,0.9415304,1,1,CGMD_exactyear,1993,0,"{""geodesic"":false,""type"":""Point"",""coordinates"":[100.59357009452505,4.723296848136238]}"
366_0,295698,4.787167064837137,100.66633363253874,1993,0.9825031,1,1,CGMD_exactyear,1993,0,"{""geodesic"":false,""type"":""Point"",""coordinates"":[100.66633363253874,4.787167064837137]}"
367_0,295698,4.677752263231379,100.68007785638576,1993,0.96207815,1,1,CGMD_exactyear,1993,0,"{""geodesic"":false,""type"":""Point"",""coordinates"":[100.68007785638576,4.677752263231379]}"
368_0,295698,4.775848292257231,100.63264680938425,1993,0.9828309,1,1,CGMD_exactyear,1993,0,"{""geodesic"":false,""type"":""Point"",""coordinates"":[100.63264680938425,4.775848292257231]}"
369_0,295698,4.865050999970299,100.62779590685001,1993,0.98230064,1,1,CGMD_exactyear,1993,0,"{""geodesic"":false,""type"":""Point"",""coordinates"":[100.62779590685001,4.865050999970299]}"
370_0,295698,4.6106481115076505,100.5916836324284,1993,0.774823,1,1,CGMD_exactyear,1993,0,"{""geodesic"":false,""type"":""Point"",""coordinates"":[100.5916836324284,4.6106481115076505]}"
371_0,295698,4.793365440297561,100.57012406560953,1993,0.67791873,1,1,CGMD_exactyear,1993,0,"{""geodesic"":false,""type"":""Point"",""coordinates"":[100.57012406560953,4.793365440297561]}"
372_0,295698,4.71413403223822,100.65258940869171,1993,0.982746,1,1,CGMD_exactyear,1993,0,"{""geodesic"":false,""type"":""Point"",""coordinates"":[100.65258940869171,4.71413403223822]}"
373_0,295698,4.804414718292231,100.64827749532793,1993,0.9825534,1,1,CGMD_exactyear,1993,0,"{""geodesic"":false,""type"":""Point"",""coordinates"":[100.64827749532793,4.804414718292231]}"
374_0,295698,4.627356775792274,100.6450435603051,1993,0.98060197,1,1,CGMD_exactyear,1993,0,"{""geodesic"":false,""type"":""Point"",""coordinates"":[100.6450435603051,4.627356775792274]}"
375_0,295698,4.797138364490863,100.6585182895669,1993,0.041813225,0,1,CGMD_exactyear,1993,0,"{""geodesic"":false,""type"":""Point"",""coordinates"":[100.6585182895669,4.797138364490863]}"
376_0,295698,4.714673021408691,100.60704482378685,1993,0.95320874,1,1,CGMD_exactyear,1993,0,"{""geodesic"":false,""type"":""Point"",""coordinates"":[100.60704482378685,4.714673021408691]}"
377_0,295698,4.929729700426905,100.55260691756921,1993,0.921222,1,1,CGMD_exactyear,1993,0,"{""geodesic"":false,""type"":""Point"",""coordinates"":[100.55260691756921,4.929729700426905]}"
378_0,295698,4.9429349351034615,100.50921828934624,1993,0.98136616,1,1,CGMD_exactyear,1993,0,"{""geodesic"":false,""type"":""Point"",""coordinates"":[100.50921828934624,4.9429349351034615]}"
379_0,295698,4.81492500711643,100.57416648438807,1993,0.42316276,0,1,CGMD_exactyear,1993,0,"{""geodesic"":false,""type"":""Point"",""coordinates"":[100.57416648438807,4.81492500711643]}"
380_0,295698,4.942665440518225,100.52269301860802,1993,0.977213,1,1,CGMD_exactyear,1993,0,"{""geodesic"":false,""type"":""Point"",""coordinates"":[100.52269301860802,4.942665440518225]}"
381_0,295698,4.568067967040385,100.59518706203647,1993,0.50289434,1,1,CGMD_exactyear,1993,0,"{""geodesic"":false,""type"":""Point"",""coordinates"":[100.59518706203647,4.568067967040385]}"
382_0,295698,4.722757858965767,100.67873038345958,1993,0.9828309,1,1,CGMD_exactyear,1993,0,"{""geodesic"":false,""type"":""Point"",""coordinates"":[100.67873038345958,4.722757858965767]}"
383_0,295698,4.808726631656005,100.60461937251972,1993,0.9114253,1,1,CGMD_exactyear,1993,0,"{""geodesic"":false,""type"":""Point"",""coordinates"":[100.60461937251972,4.808726631656005]}"
384_0,295698,4.939701000080631,100.4307953650426,1993,0.5007086,1,1,CGMD_exactyear,1993,0,"{""geodesic"":false,""type"":""Point"",""coordinates"":[100.4307953650426,4.939701000080631]}"
385_0,295698,4.924609303307423,100.5383237045517,1993,0.9721561,1,1,CGMD_exactyear,1993,0,"{""geodesic"":false,""type"":""Point"",""coordinates"":[100.5383237045517,4.924609303307423]}"
386_0,295698,4.789592516104259,100.64073164694133,1993,0.9828309,1,1,CGMD_exactyear,1993,0,"{""geodesic"":false,""type"":""Point"",""coordinates"":[100.64073164694133,4.789592516104259]}"
387_0,295698,4.522792876720761,100.62833489602048,1993,0.018968312,0,1,CGMD_exactyear,1993,0,"{""geodesic"":false,""type"":""Point"",""coordinates"":[100.62833489602048,4.522792876720761]}"
388_0,295698,4.667511468992416,100.68358128599384,1993,0.9828309,1,1,CGMD_exactyear,1993,0,"{""geodesic"":false,""type"":""Point"",""coordinates"":[100.68358128599384,4.667511468992416]}"
389_0,295698,4.929190711256433,100.48711973335689,1993,0.98018694,1,1,CGMD_exactyear,1993,0,"{""geodesic"":false,""type"":""Point"",""coordinates"":[100.48711973335689,4.929190711256433]}"
390_0,295698,4.637328075446001,100.6021939212526,1993,0.8414172,1,1,CGMD_exactyear,1993,0,"{""geodesic"":false,""type"":""Point"",""coordinates"":[100.6021939212526,4.637328075446001]}"
391_0,295698,4.730573201937607,100.66822009463539,1993,0.9828309,1,1,CGMD_exactyear,1993,0,"{""geodesic"":false,""type"":""Point"",""coordinates"":[100.66822009463539,4.730573201937607]}"
392_0,295698,4.70173728131737,100.61378218841774,1993,0.981561,1,1,CGMD_exactyear,1993,0,"{""geodesic"":false,""type"":""Point"",""coordinates"":[100.61378218841774,4.70173728131737]}"
393_0,295698,4.713056053897276,100.67603543760723,1993,0.95998484,1,1,CGMD_exactyear,1993,0,"{""geodesic"":false,""type"":""Point"",""coordinates"":[100.67603543760723,4.713056053897276]}"
394_0,295698,4.913290530727517,100.56338670097864,1993,0.9825534,1,1,CGMD_exactyear,1993,0,"{""geodesic"":false,""type"":""Point"",""coordinates"":[100.56338670097864,4.913290530727517]}"
395_0,295698,4.750246306659824,100.67387948092534,1993,0.6381427,1,1,CGMD_exactyear,1993,0,"{""geodesic"":false,""type"":""Point"",""coordinates"":[100.67387948092534,4.750246306659824]}"
396_0,295698,4.81034359916742,100.59734301871836,1993,0.9826039,1,1,CGMD_exactyear,1993,0,"{""geodesic"":false,""type"":""Point"",""coordinates"":[100.59734301871836,4.81034359916742]}"
397_0,295698,4.927304249159782,100.58198182735991,1993,0.96114326,1,1,CGMD_exactyear,1993,0,"{""geodesic"":false,""type"":""Point"",""coordinates"":[100.58198182735991,4.927304249159782]}"
398_0,295698,4.759409122557844,100.6412706361118,1993,0.9828309,1,1,CGMD_exactyear,1993,0,"{""geodesic"":false,""type"":""Point"",""coordinates"":[100.6412706361118,4.759409122557844]}"
399_0,295698,4.729495223596663,100.68169482389717,1993,0.9568954,1,1,CGMD_exactyear,1993,0,"{""geodesic"":false,""type"":""Point"",""coordinates"":[100.68169482389717,4.729495223596663]}"
400_0,295698,4.737849555738975,100.65231991410647,1993,0.9827391,1,1,CGMD_exactyear,1993,0,"{""geodesic"":false,""type"":""Point"",""coordinates"":[100.65231991410647,4.737849555738975]}"
401_0,295698,4.621158400331849,100.60246341583783,1993,0.9826452,1,1,CGMD_exactyear,1993,0,"{""geodesic"":false,""type"":""Point"",""coordinates"":[100.60246341583783,4.621158400331849]}"
402_0,295698,4.846994862759496,100.64288760362322,1993,0.855365,1,1,CGMD_exactyear,1993,0,"{""geodesic"":false,""type"":""Point"",""coordinates"":[100.64288760362322,4.846994862759496]}"
403_0,295698,4.713325548482512,100.61297370466204,1993,0.98241824,1,1,CGMD_exactyear,1993,0,"{""geodesic"":false,""type"":""Point"",""coordinates"":[100.61297370466204,4.713325548482512]}"
404_0,295698,4.863973021629356,100.5879107082351,1993,0.4086002,0,1,CGMD_exactyear,1993,0,"{""geodesic"":false,""type"":""Point"",""coordinates"":[100.5879107082351,4.863973021629356]}"
405_0,295698,4.901971758147611,100.4887367008683,1993,0.2230037,0,1,CGMD_exactyear,1993,0,"{""geodesic"":false,""type"":""Point"",""coordinates"":[100.4887367008683,4.901971758147611]}"
406_0,295698,4.850498292367563,100.623214498901,1993,0.96728927,1,1,CGMD_exactyear,1993,0,"{""geodesic"":false,""type"":""Point"",""coordinates"":[100.623214498901,4.850498292367563]}"
407_0,295698,4.651611288463501,100.65824879498166,1993,0.9422581,1,1,CGMD_exactyear,1993,0,"{""geodesic"":false,""type"":""Point"",""coordinates"":[100.65824879498166,4.651611288463501]}"
408_0,295698,4.620080421990905,100.59922948081501,1993,0.9826452,1,1,CGMD_exactyear,1993,0,"{""geodesic"":false,""type"":""Point"",""coordinates"":[100.59922948081501,4.620080421990905]}"
409_0,295698,4.705240710925436,100.63615023899231,1993,0.98060197,1,1,CGMD_exactyear,1993,0,"{""geodesic"":false,""type"":""Point"",""coordinates"":[100.63615023899231,4.705240710925436]}"
410_0,295698,4.776117786842466,100.65905727873736,1993,0.8087924,1,1,CGMD_exactyear,1993,0,"{""geodesic"":false,""type"":""Point"",""coordinates"":[100.65905727873736,4.776117786842466]}"
411_0,295698,4.819775909650675,100.57012406560953,1993,0.9548998,1,1,CGMD_exactyear,1993,0,"{""geodesic"":false,""type"":""Point"",""coordinates"":[100.57012406560953,4.819775909650675]}"
412_0,295698,4.686915079129398,100.60731431837209,1993,0.9825031,1,1,CGMD_exactyear,1993,0,"{""geodesic"":false,""type"":""Point"",""coordinates"":[100.60731431837209,4.686915079129398]}"
413_0,295698,4.696616884197889,100.6652556541978,1993,0.019935666,0,1,CGMD_exactyear,1993,0,"{""geodesic"":false,""type"":""Point"",""coordinates"":[100.6652556541978,4.696616884197889]}"
414_0,295698,4.9353890867168575,100.47391449868033,1993,0.8139354,1,1,CGMD_exactyear,1993,0,"{""geodesic"":false,""type"":""Point"",""coordinates"":[100.47391449868033,4.9353890867168575]}"
415_0,295698,4.722488364380531,100.62051955304864,1993,0.97676027,1,1,CGMD_exactyear,1993,0,"{""geodesic"":false,""type"":""Point"",""coordinates"":[100.62051955304864,4.722488364380531]}"
416_0,295698,4.722757858965767,100.62590944475336,1993,0.9828309,1,1,CGMD_exactyear,1993,0,"{""geodesic"":false,""type"":""Point"",""coordinates"":[100.62590944475336,4.722757858965767]}"
417_0,295698,4.894156415175772,100.54101865040407,1993,0.9791634,1,1,CGMD_exactyear,1993,0,"{""geodesic"":false,""type"":""Point"",""coordinates"":[100.54101865040407,4.894156415175772]}"
418_0,295698,4.934311108375914,100.56069175512629,1993,0.98136616,1,1,CGMD_exactyear,1993,0,"{""geodesic"":false,""type"":""Point"",""coordinates"":[100.56069175512629,4.934311108375914]}"
419_0,295698,4.714942515993927,100.61324319924728,1993,0.9828214,1,1,CGMD_exactyear,1993,0,"{""geodesic"":false,""type"":""Point"",""coordinates"":[100.61324319924728,4.714942515993927]}"
420_0,295698,4.819775909650675,100.62267550973053,1993,0.949964,1,1,CGMD_exactyear,1993,0,"{""geodesic"":false,""type"":""Point"",""coordinates"":[100.62267550973053,4.819775909650675]}"
421_0,295698,4.610109122337179,100.66741161087968,1993,0.019030198,0,1,CGMD_exactyear,1993,0,"{""geodesic"":false,""type"":""Point"",""coordinates"":[100.66741161087968,4.610109122337179]}"
422_0,295698,4.837293057691006,100.60488886710496,1993,0.25714877,0,1,CGMD_exactyear,1993,0,"{""geodesic"":false,""type"":""Point"",""coordinates"":[100.60488886710496,4.837293057691006]}"
423_0,295698,4.737580061153738,100.6059668454459,1993,0.9827391,1,1,CGMD_exactyear,1993,0,"{""geodesic"":false,""type"":""Point"",""coordinates"":[100.6059668454459,4.737580061153738]}"
424_0,295698,4.696886378783124,100.6021939212526,1993,0.9828309,1,1,CGMD_exactyear,1993,0,"{""geodesic"":false,""type"":""Point"",""coordinates"":[100.6021939212526,4.696886378783124]}"
425_0,295698,4.702006775902606,100.6383061956742,1993,0.96207815,1,1,CGMD_exactyear,1993,0,"{""geodesic"":false,""type"":""Point"",""coordinates"":[100.6383061956742,4.702006775902606]}"
426_0,295698,4.632477172911755,100.6043498779345,1993,0.9826452,1,1,CGMD_exactyear,1993,0,"{""geodesic"":false,""type"":""Point"",""coordinates"":[100.6043498779345,4.632477172911755]}"
427_0,295698,4.834598111838647,100.58521576238275,1993,0.9687661,1,1,CGMD_exactyear,1993,0,"{""geodesic"":false,""type"":""Point"",""coordinates"":[100.58521576238275,4.834598111838647]}"
428_0,295698,4.8548102057313365,100.5984209970593,1993,0.94033563,1,1,CGMD_exactyear,1993,0,"{""geodesic"":false,""type"":""Point"",""coordinates"":[100.5984209970593,4.8548102057313365]}"
429_0,295698,4.939431505495396,100.53508976952888,1993,0.6427182,1,1,CGMD_exactyear,1993,0,"{""geodesic"":false,""type"":""Point"",""coordinates"":[100.53508976952888,4.939431505495396]}"
430_0,295698,4.907631144437564,100.49358760340256,1993,0.19085263,0,1,CGMD_exactyear,1993,0,"{""geodesic"":false,""type"":""Point"",""coordinates"":[100.49358760340256,4.907631144437564]}"
431_0,295698,4.579386739620291,100.64989446283936,1993,0.98242116,1,1,CGMD_exactyear,1993,0,"{""geodesic"":false,""type"":""Point"",""coordinates"":[100.64989446283936,4.579386739620291]}"
432_0,295698,4.873135837527375,100.57254951687666,1993,0.97030914,1,1,CGMD_exactyear,1993,0,"{""geodesic"":false,""type"":""Point"",""coordinates"":[100.57254951687666,4.873135837527375]}"
433_0,295698,4.879873202158271,100.51299121353954,1993,0.27396256,0,1,CGMD_exactyear,1993,0,"{""geodesic"":false,""type"":""Point"",""coordinates"":[100.51299121353954,4.879873202158271]}"
434_0,295698,4.707666162192559,100.67792189970388,1993,0.9797176,1,1,CGMD_exactyear,1993,0,"{""geodesic"":false,""type"":""Point"",""coordinates"":[100.67792189970388,4.707666162192559]}"
435_0,295698,4.874483310453554,100.52457948070467,1993,0.021765113,0,1,CGMD_exactyear,1993,0,"{""geodesic"":false,""type"":""Point"",""coordinates"":[100.52457948070467,4.874483310453554]}"
436_0,295698,4.624122840769443,100.5984209970593,1993,0.9632837,1,1,CGMD_exactyear,1993,0,"{""geodesic"":false,""type"":""Point"",""coordinates"":[100.5984209970593,4.624122840769443]}"
437_0,295698,4.56321706450614,100.62105854221912,1993,0.66987973,1,1,CGMD_exactyear,1993,0,"{""geodesic"":false,""type"":""Point"",""coordinates"":[100.62105854221912,4.56321706450614]}"
438_0,295698,4.696616884197889,100.59572605120694,1993,0.83669585,1,1,CGMD_exactyear,1993,0,"{""geodesic"":false,""type"":""Point"",""coordinates"":[100.59572605120694,4.696616884197889]}"
439_0,295698,4.846186379003789,100.59895998622977,1993,0.9826542,1,1,CGMD_exactyear,1993,0,"{""geodesic"":false,""type"":""Point"",""coordinates"":[100.59895998622977,4.846186379003789]}"
440_0,295698,4.652419772219208,100.64423507654939,1993,0.09622987,0,1,CGMD_exactyear,1993,0,"{""geodesic"":false,""type"":""Point"",""coordinates"":[100.64423507654939,4.652419772219208]}"
441_0,295698,4.739736017835626,100.58009536526326,1993,0.979158,1,1,CGMD_exactyear,1993,0,"{""geodesic"":false,""type"":""Point"",""coordinates"":[100.58009536526326,4.739736017835626]}"
442_0,295698,4.660774104361519,100.65636233288501,1993,0.021723008,0,1,CGMD_exactyear,1993,0,"{""geodesic"":false,""type"":""Point"",""coordinates"":[100.65636233288501,4.660774104361519]}"
443_0,295698,4.7944434186385045,100.57093254936524,1993,0.5639995,1,1,CGMD_exactyear,1993,0,"{""geodesic"":false,""type"":""Point"",""coordinates"":[100.57093254936524,4.7944434186385045]}"
444_0,295698,4.690418508737464,100.6555538491293,1993,0.982746,1,1,CGMD_exactyear,1993,0,"{""geodesic"":false,""type"":""Point"",""coordinates"":[100.6555538491293,4.690418508737464]}"
445_0,295698,4.58208168547265,100.6630996975159,1993,0.9771658,1,1,CGMD_exactyear,1993,0,"{""geodesic"":false,""type"":""Point"",""coordinates"":[100.6630996975159,4.58208168547265]}"
446_0,295698,4.720062913113408,100.62563995016812,1993,0.9815705,1,1,CGMD_exactyear,1993,0,"{""geodesic"":false,""type"":""Point"",""coordinates"":[100.62563995016812,4.720062913113408]}"
447_0,295698,4.726261288573833,100.62671792850907,1993,0.9828309,1,1,CGMD_exactyear,1993,0,"{""geodesic"":false,""type"":""Point"",""coordinates"":[100.62671792850907,4.726261288573833]}"
448_0,295698,4.895773382687187,100.51784211607378,1993,0.97749263,1,1,CGMD_exactyear,1993,0,"{""geodesic"":false,""type"":""Point"",""coordinates"":[100.51784211607378,4.895773382687187]}"
449_0,295698,4.6747878227937845,100.67280150258439,1993,0.81938297,1,1,CGMD_exactyear,1993,0,"{""geodesic"":false,""type"":""Point"",""coordinates"":[100.67280150258439,4.6747878227937845]}"
450_0,295698,4.915176992824168,100.53212532909129,1993,0.96789855,1,1,CGMD_exactyear,1993,0,"{""geodesic"":false,""type"":""Point"",""coordinates"":[100.53212532909129,4.915176992824168]}"
451_0,295698,4.858044140754167,100.62887388519096,1993,0.97054857,1,1,CGMD_exactyear,1993,0,"{""geodesic"":false,""type"":""Point"",""coordinates"":[100.62887388519096,4.858044140754167]}"
452_0,295698,4.798755332002278,100.56635114141623,1993,0.95521283,1,1,CGMD_exactyear,1993,0,"{""geodesic"":false,""type"":""Point"",""coordinates"":[100.56635114141623,4.798755332002278]}"
453_0,295698,4.907631144437564,100.5631172063934,1993,0.9383676,1,1,CGMD_exactyear,1993,0,"{""geodesic"":false,""type"":""Point"",""coordinates"":[100.5631172063934,4.907631144437564]}"
454_0,295698,4.741622479932277,100.58764121364986,1993,0.54419667,1,1,CGMD_exactyear,1993,0,"{""geodesic"":false,""type"":""Point"",""coordinates"":[100.58764121364986,4.741622479932277]}"
455_0,295698,4.754019230853126,100.594648072866,1993,0.9828214,1,1,CGMD_exactyear,1993,0,"{""geodesic"":false,""type"":""Point"",""coordinates"":[100.594648072866,4.754019230853126]}"
456_0,295698,4.746473382466522,100.6450435603051,1993,0.9828309,1,1,CGMD_exactyear,1993,0,"{""geodesic"":false,""type"":""Point"",""coordinates"":[100.6450435603051,4.746473382466522]}"
457_0,295698,4.734076631545673,100.63426377689566,1993,0.9828309,1,1,CGMD_exactyear,1993,0,"{""geodesic"":false,""type"":""Point"",""coordinates"":[100.63426377689566,4.734076631545673]}"
458_0,295698,4.918680422432234,100.50248092471534,1993,0.9482354,1,1,CGMD_exactyear,1993,0,"{""geodesic"":false,""type"":""Point"",""coordinates"":[100.50248092471534,4.918680422432234]}"
459_0,295698,4.825165801355392,100.57551395731426,1993,0.97156316,1,1,CGMD_exactyear,1993,0,"{""geodesic"":false,""type"":""Point"",""coordinates"":[100.57551395731426,4.825165801355392]}"
460_0,295698,4.877717245476385,100.54775601503496,1993,0.98248625,1,1,CGMD_exactyear,1993,0,"{""geodesic"":false,""type"":""Point"",""coordinates"":[100.54775601503496,4.877717245476385]}"
461_0,295698,4.82139287716209,100.57605294648472,1993,0.3824657,0,1,CGMD_exactyear,1993,0,"{""geodesic"":false,""type"":""Point"",""coordinates"":[100.57605294648472,4.82139287716209]}"
462_0,295698,4.889036018056291,100.51595565397713,1993,0.9826542,1,1,CGMD_exactyear,1993,0,"{""geodesic"":false,""type"":""Point"",""coordinates"":[100.51595565397713,4.889036018056291]}"
463_0,295698,4.568606956210857,100.61486016675869,1993,0.97380155,1,1,CGMD_exactyear,1993,0,"{""geodesic"":false,""type"":""Point"",""coordinates"":[100.61486016675869,4.568606956210857]}"
464_0,295698,4.752402263341711,100.5841377840418,1993,0.9826888,1,1,CGMD_exactyear,1993,0,"{""geodesic"":false,""type"":""Point"",""coordinates"":[100.5841377840418,4.752402263341711]}"
465_0,295698,4.860200097436054,100.62725691767953,1993,0.79017675,1,1,CGMD_exactyear,1993,0,"{""geodesic"":false,""type"":""Point"",""coordinates"":[100.62725691767953,4.860200097436054]}"
466_0,295698,4.6823336711803885,100.6337247877252,1993,0.982746,1,1,CGMD_exactyear,1993,0,"{""geodesic"":false,""type"":""Point"",""coordinates"":[100.6337247877252,4.6823336711803885]}"
467_0,295698,4.74728186622223,100.58521576238275,1993,0.9825534,1,1,CGMD_exactyear,1993,0,"{""geodesic"":false,""type"":""Point"",""coordinates"":[100.58521576238275,4.74728186622223]}"
468_0,295698,4.7365020828127955,100.61081774798015,1993,0.019033717,0,1,CGMD_exactyear,1993,0,"{""geodesic"":false,""type"":""Point"",""coordinates"":[100.61081774798015,4.7365020828127955]}"
469_0,295698,4.870171397089781,100.64342659279369,1993,0.9826542,1,1,CGMD_exactyear,1993,0,"{""geodesic"":false,""type"":""Point"",""coordinates"":[100.64342659279369,4.870171397089781]}"
470_0,295698,4.77908222728006,100.6337247877252,1993,0.9828309,1,1,CGMD_exactyear,1993,0,"{""geodesic"":false,""type"":""Point"",""coordinates"":[100.6337247877252,4.77908222728006]}"
471_0,295698,4.9202973899436495,100.50167244095962,1993,0.9652163,1,1,CGMD_exactyear,1993,0,"{""geodesic"":false,""type"":""Point"",""coordinates"":[100.50167244095962,4.9202973899436495]}"
472_0,295698,4.675326811964256,100.66768110546492,1993,0.9828309,1,1,CGMD_exactyear,1993,0,"{""geodesic"":false,""type"":""Point"",""coordinates"":[100.66768110546492,4.675326811964256]}"
473_0,295698,4.896312371857658,100.5261964482161,1993,0.97215354,1,1,CGMD_exactyear,1993,0,"{""geodesic"":false,""type"":""Point"",""coordinates"":[100.5261964482161,4.896312371857658]}"
474_0,295698,4.893617426005299,100.54479157459737,1993,0.9796953,1,1,CGMD_exactyear,1993,0,"{""geodesic"":false,""type"":""Point"",""coordinates"":[100.54479157459737,4.893617426005299]}"
475_0,295698,4.866398472896479,100.57335800063237,1993,0.9828214,1,1,CGMD_exactyear,1993,0,"{""geodesic"":false,""type"":""Point"",""coordinates"":[100.57335800063237,4.866398472896479]}"
476_0,295698,4.679099736157558,100.61539915592915,1993,0.021719422,0,1,CGMD_exactyear,1993,0,"{""geodesic"":false,""type"":""Point"",""coordinates"":[100.61539915592915,4.679099736157558]}"
477_0,295698,4.859661108265581,100.55745782010345,1993,0.48438823,1,1,CGMD_exactyear,1993,0,"{""geodesic"":false,""type"":""Point"",""coordinates"":[100.55745782010345,4.859661108265581]}"
478_0,295698,4.805223202047939,100.63399428231044,1993,0.98278826,1,1,CGMD_exactyear,1993,0,"{""geodesic"":false,""type"":""Point"",""coordinates"":[100.63399428231044,4.805223202047939]}"
479_0,295698,4.922722841210772,100.52430998611943,1993,0.9618193,1,1,CGMD_exactyear,1993,0,"{""geodesic"":false,""type"":""Point"",""coordinates"":[100.52430998611943,4.922722841210772]}"
480_0,295698,4.887958039715347,100.537515220796,1993,0.9827391,1,1,CGMD_exactyear,1993,0,"{""geodesic"":false,""type"":""Point"",""coordinates"":[100.537515220796,4.887958039715347]}"
481_0,295698,4.94886381597865,100.52188453485232,1993,0.033181675,0,1,CGMD_exactyear,1993,0,"{""geodesic"":false,""type"":""Point"",""coordinates"":[100.52188453485232,4.94886381597865]}"
482_0,295698,4.659965620605812,100.64180962528228,1993,0.9828309,1,1,CGMD_exactyear,1993,0,"{""geodesic"":false,""type"":""Point"",""coordinates"":[100.64180962528228,4.659965620605812]}"
483_0,295698,4.58854955551831,100.67226251341393,1993,0.9828309,1,1,CGMD_exactyear,1993,0,"{""geodesic"":false,""type"":""Point"",""coordinates"":[100.67226251341393,4.58854955551831]}"
484_0,295698,4.946168870126292,100.53185583450605,1993,0.039933063,0,1,CGMD_exactyear,1993,0,"{""geodesic"":false,""type"":""Point"",""coordinates"":[100.53185583450605,4.946168870126292]}"
485_0,295698,4.576961288353169,100.60192442666737,1993,0.12811588,0,1,CGMD_exactyear,1993,0,"{""geodesic"":false,""type"":""Point"",""coordinates"":[100.60192442666737,4.576961288353169]}"
486_0,295698,4.883107137181101,100.54047966123359,1993,0.5389898,1,1,CGMD_exactyear,1993,0,"{""geodesic"":false,""type"":""Point"",""coordinates"":[100.54047966123359,4.883107137181101]}"
487_0,295698,4.938892516324923,100.54748652044972,1993,0.98136616,1,1,CGMD_exactyear,1993,0,"{""geodesic"":false,""type"":""Point"",""coordinates"":[100.54748652044972,4.938892516324923]}"
488_0,295698,4.533572660130195,100.64315709820845,1993,0.9828309,1,1,CGMD_exactyear,1993,0,"{""geodesic"":false,""type"":""Point"",""coordinates"":[100.64315709820845,4.533572660130195]}"
489_0,295698,4.589897028444489,100.64369608737893,1993,0.08949008,0,1,CGMD_exactyear,1993,0,"{""geodesic"":false,""type"":""Point"",""coordinates"":[100.64369608737893,4.589897028444489]}"
490_0,295698,4.838910025202421,100.58548525696798,1993,0.9653156,1,1,CGMD_exactyear,1993,0,"{""geodesic"":false,""type"":""Point"",""coordinates"":[100.58548525696798,4.838910025202421]}"
491_0,295698,4.71413403223822,100.6614827300045,1993,0.9828309,1,1,CGMD_exactyear,1993,0,"{""geodesic"":false,""type"":""Point"",""coordinates"":[100.6614827300045,4.71413403223822]}"
492_0,295698,4.851576270708506,100.6156686505144,1993,0.95772904,1,1,CGMD_exactyear,1993,0,"{""geodesic"":false,""type"":""Point"",""coordinates"":[100.6156686505144,4.851576270708506]}"
493_0,295698,4.786358581081429,100.65366738703266,1993,0.57732797,0,1,CGMD_exactyear,1993,0,"{""geodesic"":false,""type"":""Point"",""coordinates"":[100.65366738703266,4.786358581081429]}"
494_0,295698,4.905744682340913,100.5480255096202,1993,0.97774965,1,1,CGMD_exactyear,1993,0,"{""geodesic"":false,""type"":""Point"",""coordinates"":[100.5480255096202,4.905744682340913]}"
495_0,295698,4.649994320952086,100.64288760362322,1993,0.84437746,1,1,CGMD_exactyear,1993,0,"{""geodesic"":false,""type"":""Point"",""coordinates"":[100.64288760362322,4.649994320952086]}"
496_0,295698,4.74135298534704,100.67495745926628,1993,0.9828309,1,1,CGMD_exactyear,1993,0,"{""geodesic"":false,""type"":""Point"",""coordinates"":[100.67495745926628,4.74135298534704]}"
497_0,295698,4.928921216671197,100.56203922805246,1993,0.97200084,1,1,CGMD_exactyear,1993,0,"{""geodesic"":false,""type"":""Point"",""coordinates"":[100.56203922805246,4.928921216671197]}"
498_0,295698,4.819236920480203,100.63803670108898,1993,0.805273,1,1,CGMD_exactyear,1993,0,"{""geodesic"":false,""type"":""Point"",""coordinates"":[100.63803670108898,4.819236920480203]}"
499_0,295698,4.713056053897276,100.6833117914086,1993,0.8831072,1,1,CGMD_exactyear,1993,0,"{""geodesic"":false,""type"":""Point"",""coordinates"":[100.6833117914086,4.713056053897276]}"
